Time,Response,Throttling,Cpu%,Requests/30,Memory in MB,Cores,Total_requests/interval,Requests/2s,No of replicas,Memory%
2022-04-19 16:01:14,277 ms,0.177,15.3,1.28,374,0.153,33.0,0.333,3.0,18.7
2022-04-19 16:01:15,277 ms,0.186,15.8,1.28,506,0.158,39.0,0.333,3.0,25.3
2022-04-19 16:01:16,336 ms,0.186,15.8,1.31,506,0.158,39.0,0.333,3.0,25.3
2022-04-19 16:01:18,303 ms,0.186,15.8,1.31,506,0.158,39.0,0.333,3.0,25.3
2022-04-19 16:01:20,346 ms,0.186,15.8,1.24,506,0.158,39.0,0.333,3.0,25.3
2022-04-19 16:01:22,417 ms,0.186,15.8,1.31,506,0.158,39.0,1.0,3.0,25.3
2022-04-19 16:01:24,414 ms,0.186,15.8,1.28,506,0.158,39.0,0.0,3.0,25.3
2022-04-19 16:01:26,361 ms,0.186,15.8,1.45,506,0.158,39.0,1.33,3.0,25.3
2022-04-19 16:01:28,321 ms,0.186,15.8,1.41,506,0.158,39.0,0.333,3.0,25.3
2022-04-19 16:01:30,329 ms,0.186,15.8,1.34,506,0.158,40.0,0.0,3.0,25.3
2022-04-19 16:01:32,276 ms,0.186,15.8,1.38,506,0.158,40.0,0.667,3.0,25.3
2022-04-19 16:01:34,297 ms,0.186,15.8,1.45,506,0.158,40.0,1.0,3.0,25.3
2022-04-19 16:01:36,391 ms,0.186,15.8,1.45,506,0.158,40.0,1.33,3.0,25.3
2022-04-19 16:01:38,398 ms,0.186,15.8,1.59,506,0.158,40.0,0.333,3.0,25.3
2022-04-19 16:01:40,404 ms,0.186,15.8,1.59,506,0.158,40.0,0.333,3.0,25.3
2022-04-19 16:01:42,416 ms,0.186,15.8,1.59,506,0.158,40.0,0.333,3.0,25.3
2022-04-19 16:01:44,471 ms,0.186,15.8,1.48,506,0.158,40.0,0.333,3.0,25.3
2022-04-19 16:01:45,471 ms,0.203,23.8,1.48,728,0.238,44.0,0.333,3.0,36.4
2022-04-19 16:01:46,370 ms,0.203,23.8,1.59,728,0.238,44.0,1.33,3.0,36.4
2022-04-19 16:01:48,382 ms,0.203,23.8,1.55,728,0.238,44.0,0.333,3.0,36.4
2022-04-19 16:01:50,384 ms,0.203,23.8,1.62,728,0.238,44.0,1.0,3.0,36.4
2022-04-19 16:01:52,369 ms,0.203,23.8,1.62,728,0.238,44.0,0.333,3.0,36.4
2022-04-19 16:01:54,333 ms,0.203,23.8,1.72,728,0.238,44.0,1.0,3.0,36.4
2022-04-19 16:01:56,322 ms,0.203,23.8,1.83,728,0.238,44.0,0.667,3.0,36.4
2022-04-19 16:01:58,322 ms,0.203,23.8,1.76,728,0.238,44.0,0.0,3.0,36.4
2022-04-19 16:02:00,283 ms,0.203,23.8,1.76,728,0.238,53.0,0.333,3.0,36.4
2022-04-19 16:02:02,285 ms,0.203,23.8,1.66,728,0.238,53.0,0.333,3.0,36.4
2022-04-19 16:02:04,285 ms,0.203,23.8,1.52,728,0.238,53.0,0.0,3.0,36.4
2022-04-19 16:02:06,259 ms,0.203,23.8,1.34,728,0.238,53.0,0.667,3.0,36.4
2022-04-19 16:02:08,260 ms,0.203,23.8,1.31,728,0.238,53.0,0.333,3.0,36.4
2022-04-19 16:02:10,261 ms,0.203,23.8,1.34,728,0.238,53.0,0.333,3.0,36.4
2022-04-19 16:02:12,297 ms,0.203,23.8,1.34,728,0.238,53.0,0.333,3.0,36.4
2022-04-19 16:02:14,312 ms,0.203,23.8,1.31,728,0.238,53.0,0.0,3.0,36.4
2022-04-19 16:02:15,312 ms,0.263,22.3,1.31,620,0.223,36.0,0.0,3.0,31.0
2022-04-19 16:02:16,325 ms,0.263,22.3,1.21,620,0.223,36.0,0.333,3.0,31.0
2022-04-19 16:02:18,326 ms,0.263,22.3,1.24,620,0.223,36.0,0.333,3.0,31.0
2022-04-19 16:02:20,320 ms,0.263,22.3,1.1,620,0.223,36.0,0.0,3.0,31.0
2022-04-19 16:02:22,320 ms,0.263,22.3,1.03,620,0.223,36.0,0.333,3.0,31.0
2022-04-19 16:02:24,320 ms,0.263,22.3,0.828,620,0.223,36.0,0.667,3.0,31.0
2022-04-19 16:02:26,298 ms,0.263,22.3,0.966,620,0.223,36.0,1.0,3.0,31.0
2022-04-19 16:02:28,303 ms,0.263,22.3,1.0,620,0.223,36.0,0.333,3.0,31.0
2022-04-19 16:02:30,345 ms,0.263,22.3,1.07,620,0.223,32.0,0.667,3.0,31.0
2022-04-19 16:02:32,383 ms,0.263,22.3,1.21,620,0.223,32.0,1.0,3.0,31.0
2022-04-19 16:02:34,362 ms,0.263,22.3,1.34,620,0.223,32.0,1.33,3.0,31.0
2022-04-19 16:02:36,344 ms,0.263,22.3,1.41,620,0.223,32.0,1.0,3.0,31.0
2022-04-19 16:02:38,349 ms,0.263,22.3,1.34,620,0.223,32.0,0.0,3.0,31.0
2022-04-19 16:02:40,287 ms,0.263,22.3,1.34,620,0.223,32.0,0.333,3.0,31.0
2022-04-19 16:02:42,248 ms,0.263,22.3,1.31,620,0.223,32.0,0.333,3.0,31.0
2022-04-19 16:02:44,326 ms,0.263,22.3,1.38,620,0.223,32.0,1.0,3.0,31.0
2022-04-19 16:02:45,326 ms,0.17,15.7,1.38,674,0.157,41.0,1.0,3.0,33.7
2022-04-19 16:02:46,283 ms,0.17,15.7,1.41,674,0.157,41.0,0.667,3.0,33.7
2022-04-19 16:02:48,263 ms,0.17,15.7,1.38,674,0.157,41.0,0.667,3.0,33.7
2022-04-19 16:02:50,277 ms,0.17,15.7,1.45,674,0.157,41.0,0.333,3.0,33.7
2022-04-19 16:02:52,310 ms,0.17,15.7,1.52,674,0.157,41.0,0.333,3.0,33.7
2022-04-19 16:02:54,289 ms,0.17,15.7,1.38,674,0.157,41.0,0.667,3.0,33.7
2022-04-19 16:02:56,315 ms,0.17,15.7,1.41,674,0.157,41.0,0.333,3.0,33.7
2022-04-19 16:02:58,327 ms,0.17,15.7,1.38,674,0.157,41.0,0.333,3.0,33.7
2022-04-19 16:03:00,385 ms,0.17,15.7,1.34,674,0.157,40.0,0.333,3.0,33.7
2022-04-19 16:03:02,310 ms,0.17,15.7,1.38,674,0.157,40.0,0.667,3.0,33.7
2022-04-19 16:03:04,355 ms,0.17,15.7,1.38,674,0.157,40.0,1.33,3.0,33.7
2022-04-19 16:03:06,381 ms,0.17,15.7,1.38,674,0.157,40.0,0.333,3.0,33.7
2022-04-19 16:03:08,341 ms,0.17,15.7,1.38,674,0.157,40.0,0.0,3.0,33.7
2022-04-19 16:03:10,341 ms,0.17,15.7,1.38,674,0.157,40.0,0.333,3.0,33.7
2022-04-19 16:03:12,341 ms,0.17,15.7,1.38,674,0.157,40.0,0.0,3.0,33.7
2022-04-19 16:03:14,341 ms,0.17,15.7,1.24,674,0.157,40.0,0.0,3.0,33.7
2022-04-19 16:03:15,341 ms,0.283,24.4,1.24,624,0.244,37.0,0.0,3.0,31.2
2022-04-19 16:03:16,341 ms,0.283,24.4,1.24,624,0.244,37.0,0.0,3.0,31.2
2022-04-19 16:03:18,341 ms,0.283,24.4,1.24,624,0.244,37.0,0.333,3.0,31.2
2022-04-19 16:03:20,391 ms,0.283,24.4,1.17,624,0.244,37.0,0.0,3.0,31.2
2022-04-19 16:03:22,388 ms,0.283,24.4,1.17,624,0.244,37.0,0.0,3.0,31.2
2022-04-19 16:03:24,348 ms,0.283,24.4,1.17,624,0.244,37.0,1.0,3.0,31.2
2022-04-19 16:03:26,311 ms,0.283,24.4,1.31,624,0.244,37.0,0.333,3.0,31.2
2022-04-19 16:03:28,291 ms,0.283,24.4,1.28,624,0.244,37.0,0.333,3.0,31.2
2022-04-19 16:03:30,288 ms,0.283,24.4,1.17,624,0.244,35.0,0.333,3.0,31.2
2022-04-19 16:03:32,289 ms,0.283,24.4,1.17,624,0.244,35.0,0.667,3.0,31.2
2022-04-19 16:03:34,345 ms,0.283,24.4,1.1,624,0.244,35.0,0.0,3.0,31.2
2022-04-19 16:03:36,344 ms,0.283,24.4,1.1,624,0.244,35.0,0.667,3.0,31.2
2022-04-19 16:03:38,344 ms,0.283,24.4,1.14,624,0.244,35.0,0.333,3.0,31.2
2022-04-19 16:03:40,336 ms,0.283,24.4,1.14,624,0.244,35.0,0.0,3.0,31.2
2022-04-19 16:03:42,392 ms,0.283,24.4,1.31,624,0.244,35.0,1.0,3.0,31.2
2022-04-19 16:03:44,405 ms,0.283,24.4,1.38,624,0.244,35.0,0.333,3.0,31.2
2022-04-19 16:03:45,405 ms,0.197,16.9,1.38,678,0.169,42.0,0.333,3.0,33.9
2022-04-19 16:03:46,403 ms,0.197,16.9,1.34,678,0.169,42.0,0.0,3.0,33.9
2022-04-19 16:03:48,412 ms,0.197,16.9,1.34,678,0.169,42.0,0.667,3.0,33.9
2022-04-19 16:03:50,354 ms,0.197,16.9,1.38,678,0.169,42.0,0.333,3.0,33.9
2022-04-19 16:03:52,298 ms,0.197,16.9,1.38,678,0.169,42.0,0.333,3.0,33.9
2022-04-19 16:03:54,298 ms,0.197,16.9,1.21,678,0.169,42.0,0.667,3.0,33.9
2022-04-19 16:03:56,393 ms,0.197,16.9,1.28,678,0.169,42.0,0.667,3.0,33.9
2022-04-19 16:03:58,392 ms,0.197,16.9,1.24,678,0.169,42.0,0.0,3.0,33.9
2022-04-19 16:04:00,423 ms,0.197,16.9,1.31,678,0.169,39.0,1.33,3.0,33.9
2022-04-19 16:04:02,369 ms,0.197,16.9,1.17,678,0.169,39.0,0.333,3.0,33.9
2022-04-19 16:04:04,402 ms,0.197,16.9,1.21,678,0.169,39.0,0.0,3.0,33.9
2022-04-19 16:04:06,356 ms,0.197,16.9,1.17,678,0.169,39.0,0.0,3.0,33.9
2022-04-19 16:04:08,356 ms,0.197,16.9,1.07,678,0.169,39.0,0.0,3.0,33.9
2022-04-19 16:04:10,434 ms,0.197,16.9,1.07,678,0.169,39.0,0.333,3.0,33.9
2022-04-19 16:04:12,264 ms,0.197,16.9,0.897,678,0.169,39.0,0.0,3.0,33.9
2022-04-19 16:04:14,306 ms,0.197,16.9,0.966,678,0.169,39.0,0.667,3.0,33.9
2022-04-19 16:04:15,306 ms,0.264,19.6,0.966,660,0.196,31.0,0.667,3.0,33.0
2022-04-19 16:04:16,307 ms,0.264,19.6,1.03,660,0.196,31.0,0.0,3.0,33.0
2022-04-19 16:04:18,308 ms,0.264,19.6,1.0,660,0.196,31.0,0.0,3.0,33.0
2022-04-19 16:04:20,316 ms,0.264,19.6,1.07,660,0.196,31.0,0.333,3.0,33.0
2022-04-19 16:04:22,426 ms,0.264,19.6,1.14,660,0.196,31.0,0.667,3.0,33.0
2022-04-19 16:04:24,403 ms,0.264,19.6,1.07,660,0.196,31.0,0.333,3.0,33.0
2022-04-19 16:04:26,403 ms,0.264,19.6,1.17,660,0.196,31.0,1.0,3.0,33.0
2022-04-19 16:04:28,416 ms,0.264,19.6,1.21,660,0.196,31.0,0.333,3.0,33.0
2022-04-19 16:04:30,365 ms,0.264,19.6,1.17,660,0.196,35.0,1.33,3.0,33.0
2022-04-19 16:04:32,334 ms,0.264,19.6,1.1,660,0.196,35.0,0.0,3.0,33.0
2022-04-19 16:04:34,334 ms,0.264,19.6,1.07,660,0.196,35.0,0.0,3.0,33.0
2022-04-19 16:04:36,334 ms,0.264,19.6,1.1,660,0.196,35.0,0.333,3.0,33.0
2022-04-19 16:04:38,443 ms,0.264,19.6,1.21,660,0.196,35.0,0.333,3.0,33.0
2022-04-19 16:04:40,443 ms,0.264,19.6,1.21,660,0.196,35.0,0.0,3.0,33.0
2022-04-19 16:04:42,372 ms,0.264,19.6,1.21,660,0.196,35.0,0.0,3.0,33.0
2022-04-19 16:04:44,338 ms,0.264,19.6,1.21,660,0.196,35.0,0.333,3.0,33.0
2022-04-19 16:04:45,338 ms,0.152,16.6,1.21,545,0.166,39.0,0.333,3.0,27.3
2022-04-19 16:04:46,293 ms,0.152,16.6,1.28,545,0.166,39.0,0.333,3.0,27.3
2022-04-19 16:04:48,300 ms,0.152,16.6,1.24,545,0.166,39.0,0.0,3.0,27.3
2022-04-19 16:04:50,282 ms,0.152,16.6,1.14,545,0.166,39.0,0.0,3.0,27.3
2022-04-19 16:04:52,289 ms,0.152,16.6,1.14,545,0.166,39.0,0.667,3.0,27.3
2022-04-19 16:04:54,258 ms,0.152,16.6,1.24,545,0.166,39.0,1.0,3.0,27.3
2022-04-19 16:04:56,357 ms,0.152,16.6,1.24,545,0.166,39.0,0.667,3.0,27.3
2022-04-19 16:04:58,465 ms,0.152,16.6,1.45,545,0.166,39.0,0.667,3.0,27.3
2022-04-19 16:05:00,461 ms,0.152,16.6,1.41,545,0.166,42.0,0.0,3.0,27.3
2022-04-19 16:05:02,530 ms,0.152,16.6,1.48,545,0.166,42.0,0.333,3.0,27.3
2022-04-19 16:05:04,536 ms,0.152,16.6,1.59,545,0.166,42.0,1.0,3.0,27.3
2022-04-19 16:05:06,355 ms,0.152,16.6,1.62,545,0.166,42.0,1.0,3.0,27.3
2022-04-19 16:05:08,300 ms,0.152,16.6,1.66,545,0.166,42.0,1.0,3.0,27.3
2022-04-19 16:05:10,297 ms,0.152,16.6,1.66,545,0.166,42.0,0.333,3.0,27.3
2022-04-19 16:05:12,283 ms,0.152,16.6,1.66,545,0.166,42.0,0.333,3.0,27.3
2022-04-19 16:05:14,271 ms,0.152,16.6,1.59,545,0.166,42.0,0.333,3.0,27.3
2022-04-19 16:05:15,271 ms,0.288,22.6,1.59,681,0.226,51.0,0.333,3.0,34.1
2022-04-19 16:05:16,319 ms,0.288,22.6,1.66,681,0.226,51.0,0.333,3.0,34.1
2022-04-19 16:05:18,349 ms,0.288,22.6,1.83,681,0.226,51.0,1.33,3.0,34.1
2022-04-19 16:05:20,333 ms,0.288,22.6,1.9,681,0.226,51.0,0.333,3.0,34.1
2022-04-19 16:05:22,345 ms,0.288,22.6,1.72,681,0.226,51.0,0.0,3.0,34.1
2022-04-19 16:05:24,386 ms,0.288,22.6,1.72,681,0.226,51.0,1.0,3.0,34.1
2022-04-19 16:05:26,403 ms,0.288,22.6,1.52,681,0.226,51.0,0.333,3.0,34.1
2022-04-19 16:05:28,365 ms,0.288,22.6,1.48,681,0.226,51.0,0.667,3.0,34.1
2022-04-19 16:05:30,370 ms,0.288,22.6,1.45,681,0.226,43.0,0.0,3.0,34.1
2022-04-19 16:05:32,360 ms,0.288,22.6,1.48,681,0.226,43.0,0.333,3.0,34.1
2022-04-19 16:05:34,360 ms,0.288,22.6,1.34,681,0.226,43.0,0.0,3.0,34.1
2022-04-19 16:05:36,360 ms,0.288,22.6,1.31,681,0.226,43.0,0.667,3.0,34.1
2022-04-19 16:05:38,245 ms,0.288,22.6,1.21,681,0.226,43.0,0.333,3.0,34.1
2022-04-19 16:05:40,235 ms,0.288,22.6,1.17,681,0.226,43.0,0.0,3.0,34.1
2022-04-19 16:05:42,223 ms,0.288,22.6,1.14,681,0.226,43.0,0.0,3.0,34.1
2022-04-19 16:05:44,258 ms,0.288,22.6,1.0,681,0.226,43.0,0.0,3.0,34.1
2022-04-19 16:05:45,258 ms,0.207,22.0,1.0,483,0.22,29.0,0.0,3.0,24.2
2022-04-19 16:05:46,288 ms,0.207,22.0,0.966,483,0.22,29.0,0.333,3.0,24.2
2022-04-19 16:05:48,372 ms,0.207,22.0,0.828,483,0.22,29.0,0.667,3.0,24.2
2022-04-19 16:05:50,388 ms,0.207,22.0,0.931,483,0.22,29.0,0.333,3.0,24.2
2022-04-19 16:05:52,388 ms,0.207,22.0,0.966,483,0.22,29.0,0.333,3.0,24.2
2022-04-19 16:05:54,350 ms,0.207,22.0,0.931,483,0.22,29.0,0.667,3.0,24.2
2022-04-19 16:05:56,343 ms,0.207,22.0,0.897,483,0.22,29.0,0.0,3.0,24.2
2022-04-19 16:05:58,345 ms,0.207,22.0,0.897,483,0.22,29.0,0.333,3.0,24.2
2022-04-19 16:06:00,328 ms,0.207,22.0,0.897,483,0.22,27.0,0.333,3.0,24.2
2022-04-19 16:06:02,320 ms,0.207,22.0,0.931,483,0.22,27.0,0.667,3.0,24.2
2022-04-19 16:06:04,325 ms,0.207,22.0,1.03,483,0.22,27.0,1.0,3.0,24.2
2022-04-19 16:06:06,275 ms,0.207,22.0,1.07,483,0.22,27.0,0.667,3.0,24.2
2022-04-19 16:06:08,285 ms,0.207,22.0,1.07,483,0.22,27.0,0.333,3.0,24.2
2022-04-19 16:06:10,283 ms,0.207,22.0,1.14,483,0.22,27.0,0.333,3.0,24.2
2022-04-19 16:06:12,301 ms,0.207,22.0,1.21,483,0.22,27.0,0.999,3.0,24.2
2022-04-19 16:06:14,302 ms,0.207,22.0,1.24,483,0.22,27.0,0.0,3.0,24.2
2022-04-19 16:06:15,302 ms,0.206,18.1,1.24,588,0.181,36.0,0.0,3.0,29.4
2022-04-19 16:06:16,322 ms,0.206,18.1,1.31,588,0.181,36.0,1.0,3.0,29.4
2022-04-19 16:06:18,349 ms,0.206,18.1,1.17,588,0.181,36.0,0.0,3.0,29.4
2022-04-19 16:06:20,348 ms,0.206,18.1,1.1,588,0.181,36.0,0.0,3.0,29.4
2022-04-19 16:06:22,381 ms,0.206,18.1,1.14,588,0.181,36.0,0.333,3.0,29.4
2022-04-19 16:06:24,367 ms,0.206,18.1,1.17,588,0.181,36.0,1.0,3.0,29.4
2022-04-19 16:06:26,371 ms,0.206,18.1,1.28,588,0.181,36.0,0.667,3.0,29.4
2022-04-19 16:06:28,371 ms,0.206,18.1,1.24,588,0.181,36.0,0.0,3.0,29.4
2022-04-19 16:06:30,388 ms,0.206,18.1,1.24,588,0.181,37.0,0.333,3.0,29.4
2022-04-19 16:06:32,371 ms,0.206,18.1,1.28,588,0.181,37.0,0.0,3.0,29.4
2022-04-19 16:06:34,299 ms,0.206,18.1,1.21,588,0.181,37.0,0.333,3.0,29.4
2022-04-19 16:06:36,270 ms,0.206,18.1,1.14,588,0.181,37.0,0.667,3.0,29.4
2022-04-19 16:06:38,288 ms,0.206,18.1,1.1,588,0.181,37.0,0.667,3.0,29.4
2022-04-19 16:06:40,298 ms,0.206,18.1,1.1,588,0.181,37.0,0.333,3.0,29.4
2022-04-19 16:06:42,337 ms,0.206,18.1,1.07,588,0.181,37.0,0.333,3.0,29.4
2022-04-19 16:06:44,354 ms,0.206,18.1,1.14,588,0.181,37.0,0.0,3.0,29.4
2022-04-19 16:06:45,354 ms,0.135,17.3,1.14,618,0.173,32.0,0.0,3.0,30.9
2022-04-19 16:06:46,336 ms,0.135,17.3,1.1,618,0.173,32.0,0.667,3.0,30.9
2022-04-19 16:06:48,309 ms,0.135,17.3,1.17,618,0.173,32.0,0.0,3.0,30.9
2022-04-19 16:06:50,320 ms,0.135,17.3,1.24,618,0.173,32.0,0.667,3.0,30.9
2022-04-19 16:06:52,319 ms,0.135,17.3,1.21,618,0.173,32.0,0.333,3.0,30.9
2022-04-19 16:06:54,316 ms,0.135,17.3,1.07,618,0.173,32.0,0.333,3.0,30.9
2022-04-19 16:06:56,450 ms,0.135,17.3,1.0,618,0.173,32.0,0.0,3.0,30.9
2022-04-19 16:06:58,445 ms,0.135,17.3,1.1,618,0.173,32.0,1.0,3.0,30.9
2022-04-19 16:07:00,445 ms,0.135,17.3,1.03,618,0.173,31.0,1.0,3.0,30.9
2022-04-19 16:07:02,445 ms,0.135,17.3,1.0,618,0.173,31.0,0.0,3.0,30.9
2022-04-19 16:07:04,349 ms,0.135,17.3,1.03,618,0.173,31.0,0.333,3.0,30.9
2022-04-19 16:07:06,339 ms,0.135,17.3,1.0,618,0.173,31.0,0.333,3.0,30.9
2022-04-19 16:07:08,372 ms,0.135,17.3,1.07,618,0.173,31.0,0.667,3.0,30.9
2022-04-19 16:07:10,323 ms,0.135,17.3,1.07,618,0.173,31.0,0.667,3.0,30.9
2022-04-19 16:07:12,300 ms,0.135,17.3,1.1,618,0.173,31.0,0.667,3.0,30.9
2022-04-19 16:07:14,298 ms,0.135,17.3,1.14,618,0.173,31.0,0.333,3.0,30.9
2022-04-19 16:07:15,298 ms,0.273,21.5,1.14,577,0.215,34.0,0.333,3.0,28.9
2022-04-19 16:07:16,310 ms,0.273,21.5,1.1,577,0.215,34.0,0.333,3.0,28.9
2022-04-19 16:07:18,303 ms,0.273,21.5,1.14,577,0.215,34.0,0.667,3.0,28.9
2022-04-19 16:07:20,267 ms,0.273,21.5,1.14,577,0.215,34.0,0.333,3.0,28.9
2022-04-19 16:07:22,287 ms,0.273,21.5,1.24,577,0.215,34.0,0.333,3.0,28.9
2022-04-19 16:07:24,283 ms,0.273,21.5,1.28,577,0.215,34.0,0.333,3.0,28.9
2022-04-19 16:07:26,305 ms,0.273,21.5,1.31,577,0.215,34.0,0.667,3.0,28.9
2022-04-19 16:07:28,326 ms,0.273,21.5,1.28,577,0.215,34.0,0.333,3.0,28.9
2022-04-19 16:07:30,299 ms,0.273,21.5,1.24,577,0.215,37.0,0.667,3.0,28.9
2022-04-19 16:07:32,298 ms,0.273,21.5,1.31,577,0.215,37.0,0.667,3.0,28.9
2022-04-19 16:07:34,298 ms,0.273,21.5,1.38,577,0.215,37.0,0.333,3.0,28.9
2022-04-19 16:07:36,338 ms,0.273,21.5,1.41,577,0.215,37.0,0.667,3.0,28.9
2022-04-19 16:07:38,349 ms,0.273,21.5,1.34,577,0.215,37.0,0.0,3.0,28.9
2022-04-19 16:07:40,345 ms,0.273,21.5,1.24,577,0.215,37.0,0.0,3.0,28.9
2022-04-19 16:07:42,367 ms,0.273,21.5,1.17,577,0.215,37.0,0.333,3.0,28.9
2022-04-19 16:07:44,344 ms,0.273,21.5,1.17,577,0.215,37.0,0.333,3.0,28.9
2022-04-19 16:07:45,344 ms,0.126,16.3,1.17,618,0.163,35.0,0.333,3.0,30.9
2022-04-19 16:07:46,263 ms,0.126,16.3,1.21,618,0.163,35.0,0.333,3.0,30.9
2022-04-19 16:07:48,258 ms,0.126,16.3,1.14,618,0.163,35.0,0.333,3.0,30.9
2022-04-19 16:07:50,257 ms,0.126,16.3,1.03,618,0.163,35.0,0.0,3.0,30.9
2022-04-19 16:07:52,239 ms,0.126,16.3,1.07,618,0.163,35.0,0.667,3.0,30.9
2022-04-19 16:07:54,239 ms,0.126,16.3,1.14,618,0.163,35.0,0.333,3.0,30.9
2022-04-19 16:07:56,247 ms,0.126,16.3,1.14,618,0.163,35.0,0.667,3.0,30.9
2022-04-19 16:07:58,248 ms,0.126,16.3,1.17,618,0.163,35.0,0.667,3.0,30.9
2022-04-19 16:08:00,273 ms,0.126,16.3,1.17,618,0.163,35.0,0.333,3.0,30.9
2022-04-19 16:08:02,285 ms,0.126,16.3,1.14,618,0.163,35.0,0.333,3.0,30.9
2022-04-19 16:08:04,328 ms,0.126,16.3,1.1,618,0.163,35.0,0.333,3.0,30.9
2022-04-19 16:08:06,343 ms,0.126,16.3,1.14,618,0.163,35.0,0.667,3.0,30.9
2022-04-19 16:08:08,354 ms,0.126,16.3,1.17,618,0.163,35.0,0.333,3.0,30.9
2022-04-19 16:08:10,351 ms,0.126,16.3,1.28,618,0.163,35.0,0.0,3.0,30.9
2022-04-19 16:08:12,345 ms,0.126,16.3,1.34,618,0.163,35.0,1.67,3.0,30.9
2022-04-19 16:08:14,335 ms,0.126,16.3,1.31,618,0.163,35.0,0.0,3.0,30.9
2022-04-19 16:08:15,335 ms,0.249,23.5,1.31,602,0.235,38.0,0.0,3.0,30.1
2022-04-19 16:08:16,299 ms,0.249,23.5,1.34,602,0.235,38.0,1.0,3.0,30.1
2022-04-19 16:08:18,305 ms,0.249,23.5,1.31,602,0.235,38.0,0.0,3.0,30.1
2022-04-19 16:08:20,291 ms,0.249,23.5,1.38,602,0.235,38.0,0.667,3.0,30.1
2022-04-19 16:08:22,263 ms,0.249,23.5,1.31,602,0.235,38.0,0.667,3.0,30.1
2022-04-19 16:08:24,278 ms,0.249,23.5,1.41,602,0.235,38.0,1.0,3.0,30.1
2022-04-19 16:08:26,273 ms,0.249,23.5,1.48,602,0.235,38.0,1.0,3.0,30.1
2022-04-19 16:08:28,273 ms,0.249,23.5,1.41,602,0.235,38.0,0.667,3.0,30.1
2022-04-19 16:08:30,281 ms,0.249,23.5,1.38,602,0.235,41.0,0.333,3.0,30.1
2022-04-19 16:08:32,247 ms,0.249,23.5,1.41,602,0.235,41.0,0.667,3.0,30.1
2022-04-19 16:08:34,258 ms,0.249,23.5,1.34,602,0.235,41.0,0.0,3.0,30.1
2022-04-19 16:08:36,272 ms,0.249,23.5,1.28,602,0.235,41.0,0.0,3.0,30.1
2022-04-19 16:08:38,344 ms,0.249,23.5,1.28,602,0.235,41.0,0.667,3.0,30.1
2022-04-19 16:08:40,382 ms,0.249,23.5,1.45,602,0.235,41.0,1.33,3.0,30.1
2022-04-19 16:08:42,408 ms,0.249,23.5,1.28,602,0.235,41.0,0.0,3.0,30.1
2022-04-19 16:08:44,401 ms,0.249,23.5,1.31,602,0.235,41.0,0.0,3.0,30.1
2022-04-19 16:08:45,401 ms,0.14,17.7,1.31,635,0.177,37.0,0.0,3.0,31.8
2022-04-19 16:08:46,356 ms,0.14,17.7,1.21,635,0.177,37.0,0.0,3.0,31.8
2022-04-19 16:08:48,300 ms,0.14,17.7,1.31,635,0.177,37.0,0.667,3.0,31.8
2022-04-19 16:08:50,291 ms,0.14,17.7,1.28,635,0.177,37.0,0.0,3.0,31.8
2022-04-19 16:08:52,314 ms,0.14,17.7,1.21,635,0.177,37.0,0.0,3.0,31.8
2022-04-19 16:08:54,318 ms,0.14,17.7,1.17,635,0.177,37.0,0.667,3.0,31.8
2022-04-19 16:08:56,348 ms,0.14,17.7,1.14,635,0.177,37.0,0.333,3.0,31.8
2022-04-19 16:08:58,384 ms,0.14,17.7,1.07,635,0.177,37.0,0.0,3.0,31.8
2022-04-19 16:09:00,339 ms,0.14,17.7,1.21,635,0.177,36.0,1.67,3.0,31.8
2022-04-19 16:09:02,343 ms,0.14,17.7,1.21,635,0.177,36.0,0.333,3.0,31.8
2022-04-19 16:09:04,332 ms,0.14,17.7,1.34,635,0.177,36.0,0.333,3.0,31.8
2022-04-19 16:09:06,347 ms,0.14,17.7,1.38,635,0.177,36.0,0.667,3.0,31.8
2022-04-19 16:09:08,328 ms,0.14,17.7,1.31,635,0.177,36.0,0.0,3.0,31.8
2022-04-19 16:09:10,323 ms,0.14,17.7,1.24,635,0.177,36.0,0.333,3.0,31.8
2022-04-19 16:09:12,341 ms,0.14,17.7,1.34,635,0.177,36.0,1.0,3.0,31.8
2022-04-19 16:09:14,358 ms,0.14,17.7,1.31,635,0.177,36.0,0.0,3.0,31.8
2022-04-19 16:09:15,358 ms,0.197,20.3,1.31,566,0.203,39.0,0.0,3.0,28.3
2022-04-19 16:09:16,366 ms,0.197,20.3,1.28,566,0.203,39.0,0.333,3.0,28.3
2022-04-19 16:09:18,296 ms,0.197,20.3,1.38,566,0.203,39.0,1.33,3.0,28.3
2022-04-19 16:09:20,292 ms,0.197,20.3,1.41,566,0.203,39.0,0.667,3.0,28.3
2022-04-19 16:09:22,266 ms,0.197,20.3,1.52,566,0.203,39.0,1.0,3.0,28.3
2022-04-19 16:09:24,263 ms,0.197,20.3,1.48,566,0.203,39.0,0.667,3.0,28.3
2022-04-19 16:09:26,262 ms,0.197,20.3,1.41,566,0.203,39.0,0.0,3.0,28.3
2022-04-19 16:09:28,265 ms,0.197,20.3,1.45,566,0.203,39.0,0.333,3.0,28.3
2022-04-19 16:09:30,304 ms,0.197,20.3,1.34,566,0.203,40.0,0.333,3.0,28.3
2022-04-19 16:09:32,312 ms,0.197,20.3,1.21,566,0.203,40.0,0.0,3.0,28.3
2022-04-19 16:09:34,333 ms,0.197,20.3,1.17,566,0.203,40.0,0.0,3.0,28.3
2022-04-19 16:09:36,362 ms,0.197,20.3,1.17,566,0.203,40.0,1.0,3.0,28.3
2022-04-19 16:09:38,553 ms,0.197,20.3,1.28,566,0.203,40.0,0.667,3.0,28.3
2022-04-19 16:09:40,531 ms,0.197,20.3,1.24,566,0.203,40.0,0.0,3.0,28.3
2022-04-19 16:09:42,533 ms,0.197,20.3,1.21,566,0.203,40.0,0.333,3.0,28.3
2022-04-19 16:09:44,466 ms,0.197,20.3,1.41,566,0.203,40.0,1.0,3.0,28.3
2022-04-19 16:09:45,466 ms,0.172,18.0,1.41,594,0.18,44.0,1.0,3.0,29.7
2022-04-19 16:09:46,429 ms,0.172,18.0,1.48,594,0.18,44.0,0.667,3.0,29.7
2022-04-19 16:09:48,304 ms,0.172,18.0,1.41,594,0.18,44.0,0.667,3.0,29.7
2022-04-19 16:09:50,307 ms,0.172,18.0,1.31,594,0.18,44.0,0.0,3.0,29.7
2022-04-19 16:09:52,319 ms,0.172,18.0,1.31,594,0.18,44.0,0.667,3.0,29.7
2022-04-19 16:09:54,304 ms,0.172,18.0,1.34,594,0.18,44.0,0.333,3.0,29.7
2022-04-19 16:09:56,326 ms,0.172,18.0,1.38,594,0.18,44.0,0.333,3.0,29.7
2022-04-19 16:09:58,406 ms,0.172,18.0,1.48,594,0.18,44.0,1.33,3.0,29.7
2022-04-19 16:10:00,448 ms,0.172,18.0,1.48,594,0.18,44.0,0.333,3.0,29.7
2022-04-19 16:10:02,410 ms,0.172,18.0,1.48,594,0.18,44.0,0.0,3.0,29.7
2022-04-19 16:10:04,440 ms,0.172,18.0,1.55,594,0.18,44.0,0.667,3.0,29.7
2022-04-19 16:10:06,526 ms,0.172,18.0,1.41,594,0.18,44.0,0.333,3.0,29.7
2022-04-19 16:10:08,285 ms,0.172,18.0,1.38,594,0.18,44.0,0.333,3.0,29.7
2022-04-19 16:10:10,318 ms,0.172,18.0,1.41,594,0.18,44.0,0.333,3.0,29.7
2022-04-19 16:10:12,316 ms,0.172,18.0,1.38,594,0.18,44.0,0.333,3.0,29.7
2022-04-19 16:10:14,314 ms,0.172,18.0,1.24,594,0.18,44.0,0.0,3.0,29.7
2022-04-19 16:10:15,314 ms,0.265,23.1,1.24,637,0.231,36.0,0.0,3.0,31.9
2022-04-19 16:10:16,289 ms,0.265,23.1,1.24,637,0.231,36.0,0.667,3.0,31.9
2022-04-19 16:10:18,295 ms,0.265,23.1,1.24,637,0.231,36.0,0.333,3.0,31.9
2022-04-19 16:10:20,307 ms,0.265,23.1,1.31,637,0.231,36.0,0.333,3.0,31.9
2022-04-19 16:10:22,395 ms,0.265,23.1,1.31,637,0.231,36.0,0.667,3.0,31.9
2022-04-19 16:10:24,396 ms,0.265,23.1,1.41,637,0.231,36.0,0.333,3.0,31.9
2022-04-19 16:10:26,373 ms,0.265,23.1,1.52,637,0.231,36.0,0.667,3.0,31.9
2022-04-19 16:10:28,365 ms,0.265,23.1,1.45,637,0.231,36.0,0.333,3.0,31.9
2022-04-19 16:10:30,343 ms,0.265,23.1,1.48,637,0.231,44.0,0.333,3.0,31.9
2022-04-19 16:10:32,281 ms,0.265,23.1,1.62,637,0.231,44.0,0.0,3.0,31.9
2022-04-19 16:10:34,283 ms,0.265,23.1,1.62,637,0.231,44.0,0.667,3.0,31.9
2022-04-19 16:10:36,274 ms,0.265,23.1,1.66,637,0.231,44.0,0.0,3.0,31.9
2022-04-19 16:10:38,299 ms,0.265,23.1,1.79,637,0.231,44.0,1.67,3.0,31.9
2022-04-19 16:10:40,299 ms,0.265,23.1,1.76,637,0.231,44.0,0.667,3.0,31.9
2022-04-19 16:10:42,287 ms,0.265,23.1,1.79,637,0.231,44.0,0.333,3.0,31.9
2022-04-19 16:10:44,360 ms,0.265,23.1,1.86,637,0.231,44.0,0.667,3.0,31.9
2022-04-19 16:10:45,360 ms,0.268,29.2,1.86,725,0.292,54.0,0.667,3.0,36.3
2022-04-19 16:10:46,363 ms,0.268,29.2,1.76,725,0.292,54.0,0.0,3.0,36.3
2022-04-19 16:10:48,364 ms,0.268,29.2,1.72,725,0.292,54.0,0.333,3.0,36.3
2022-04-19 16:10:50,423 ms,0.268,29.2,1.69,725,0.292,54.0,0.333,3.0,36.3
2022-04-19 16:10:52,362 ms,0.268,29.2,1.52,725,0.292,54.0,0.333,3.0,36.3
2022-04-19 16:10:54,388 ms,0.268,29.2,1.38,725,0.292,54.0,0.333,3.0,36.3
2022-04-19 16:10:56,388 ms,0.268,29.2,1.28,725,0.292,54.0,0.333,3.0,36.3
2022-04-19 16:10:58,388 ms,0.268,29.2,1.21,725,0.292,54.0,0.0,3.0,36.3
2022-04-19 16:11:00,424 ms,0.268,29.2,1.14,725,0.292,34.0,0.667,3.0,36.3
2022-04-19 16:11:02,483 ms,0.268,29.2,1.17,725,0.292,34.0,0.667,3.0,36.3
2022-04-19 16:11:04,447 ms,0.268,29.2,1.17,725,0.292,34.0,1.33,3.0,36.3
2022-04-19 16:11:06,448 ms,0.268,29.2,1.17,725,0.292,34.0,0.0,3.0,36.3
2022-04-19 16:11:08,417 ms,0.268,29.2,1.17,725,0.292,34.0,0.667,3.0,36.3
2022-04-19 16:11:10,335 ms,0.268,29.2,1.07,725,0.292,34.0,0.0,3.0,36.3
2022-04-19 16:11:12,300 ms,0.268,29.2,1.1,725,0.292,34.0,0.667,3.0,36.3
2022-04-19 16:11:14,280 ms,0.268,29.2,1.03,725,0.292,34.0,0.0,3.0,36.3
2022-04-19 16:11:15,280 ms,0.129,14.8,1.03,615,0.148,34.0,0.0,3.0,30.8
2022-04-19 16:11:16,296 ms,0.129,14.8,1.14,615,0.148,34.0,0.333,3.0,30.8
2022-04-19 16:11:18,295 ms,0.129,14.8,1.14,615,0.148,34.0,0.333,3.0,30.8
2022-04-19 16:11:20,296 ms,0.129,14.8,1.14,615,0.148,34.0,0.333,3.0,30.8
2022-04-19 16:11:22,337 ms,0.129,14.8,1.34,615,0.148,34.0,2.33,3.0,30.8
2022-04-19 16:11:24,301 ms,0.129,14.8,1.48,615,0.148,34.0,1.0,3.0,30.8
2022-04-19 16:11:26,309 ms,0.129,14.8,1.52,615,0.148,34.0,0.333,3.0,30.8
2022-04-19 16:11:28,301 ms,0.129,14.8,1.59,615,0.148,34.0,0.0,3.0,30.8
2022-04-19 16:11:30,297 ms,0.129,14.8,1.55,615,0.148,47.0,0.0,3.0,30.8
2022-04-19 16:11:32,265 ms,0.129,14.8,1.45,615,0.148,47.0,0.0,3.0,30.8
2022-04-19 16:11:34,274 ms,0.129,14.8,1.41,615,0.148,47.0,0.667,3.0,30.8
2022-04-19 16:11:36,370 ms,0.129,14.8,1.41,615,0.148,47.0,0.333,3.0,30.8
2022-04-19 16:11:38,385 ms,0.129,14.8,1.38,615,0.148,47.0,0.0,3.0,30.8
2022-04-19 16:11:40,370 ms,0.129,14.8,1.38,615,0.148,47.0,0.333,3.0,30.8
2022-04-19 16:11:42,407 ms,0.129,14.8,1.41,615,0.148,47.0,0.0,3.0,30.8
2022-04-19 16:11:44,306 ms,0.129,14.8,1.41,615,0.148,47.0,0.333,3.0,30.8
2022-04-19 16:11:45,306 ms,0.28,25.6,1.41,650,0.256,44.0,0.333,3.0,32.5
2022-04-19 16:11:46,255 ms,0.28,25.6,1.59,650,0.256,44.0,1.33,3.0,32.5
2022-04-19 16:11:48,253 ms,0.28,25.6,1.62,650,0.256,44.0,0.333,3.0,32.5
2022-04-19 16:11:50,245 ms,0.28,25.6,1.66,650,0.256,44.0,0.333,3.0,32.5
2022-04-19 16:11:52,253 ms,0.28,25.6,1.41,650,0.256,44.0,0.333,3.0,32.5
2022-04-19 16:11:54,266 ms,0.28,25.6,1.31,650,0.256,44.0,0.333,3.0,32.5
2022-04-19 16:11:56,265 ms,0.28,25.6,1.24,650,0.256,44.0,0.333,3.0,32.5
2022-04-19 16:11:58,279 ms,0.28,25.6,1.28,650,0.256,44.0,0.333,3.0,32.5
2022-04-19 16:12:00,276 ms,0.28,25.6,1.34,650,0.256,40.0,0.667,3.0,32.5
2022-04-19 16:12:02,271 ms,0.28,25.6,1.45,650,0.256,40.0,0.667,3.0,32.5
2022-04-19 16:12:04,269 ms,0.28,25.6,1.38,650,0.256,40.0,0.333,3.0,32.5
2022-04-19 16:12:06,259 ms,0.28,25.6,1.34,650,0.256,40.0,0.333,3.0,32.5
2022-04-19 16:12:08,264 ms,0.28,25.6,1.48,650,0.256,40.0,0.667,3.0,32.5
2022-04-19 16:12:10,293 ms,0.28,25.6,1.41,650,0.256,40.0,0.0,3.0,32.5
2022-04-19 16:12:12,338 ms,0.28,25.6,1.52,650,0.256,40.0,1.0,3.0,32.5
2022-04-19 16:12:14,414 ms,0.28,25.6,1.48,650,0.256,40.0,0.333,3.0,32.5
2022-04-19 16:12:15,414 ms,0.143,19.2,1.48,617,0.192,42.0,0.333,3.0,30.9
2022-04-19 16:12:16,437 ms,0.143,19.2,1.41,617,0.192,42.0,0.333,3.0,30.9
2022-04-19 16:12:18,413 ms,0.143,19.2,1.38,617,0.192,42.0,0.333,3.0,30.9
2022-04-19 16:12:20,396 ms,0.143,19.2,1.45,617,0.192,42.0,0.667,3.0,30.9
2022-04-19 16:12:22,358 ms,0.143,19.2,1.48,617,0.192,42.0,0.0,3.0,30.9
2022-04-19 16:12:24,426 ms,0.143,19.2,1.41,617,0.192,42.0,0.0,3.0,30.9
2022-04-19 16:12:26,430 ms,0.143,19.2,1.38,617,0.192,42.0,0.333,3.0,30.9
2022-04-19 16:12:28,430 ms,0.143,19.2,1.38,617,0.192,42.0,0.0,3.0,30.9
2022-04-19 16:12:30,262 ms,0.143,19.2,1.34,617,0.192,40.0,0.667,3.0,30.9
2022-04-19 16:12:32,263 ms,0.143,19.2,1.31,617,0.192,40.0,0.333,3.0,30.9
2022-04-19 16:12:34,340 ms,0.143,19.2,1.34,617,0.192,40.0,1.33,3.0,30.9
2022-04-19 16:12:36,326 ms,0.143,19.2,1.28,617,0.192,40.0,0.0,3.0,30.9
2022-04-19 16:12:38,324 ms,0.143,19.2,1.21,617,0.192,40.0,0.333,3.0,30.9
2022-04-19 16:12:40,343 ms,0.143,19.2,1.21,617,0.192,40.0,0.0,3.0,30.9
2022-04-19 16:12:42,341 ms,0.143,19.2,1.07,617,0.192,40.0,0.333,3.0,30.9
2022-04-19 16:12:44,322 ms,0.143,19.2,1.0,617,0.192,40.0,0.333,3.0,30.9
2022-04-19 16:12:45,322 ms,0.246,24.6,1.0,640,0.246,31.0,0.333,3.0,32.0
2022-04-19 16:12:46,326 ms,0.246,24.6,1.0,640,0.246,31.0,0.0,3.0,32.0
2022-04-19 16:12:48,333 ms,0.246,24.6,1.07,640,0.246,31.0,1.33,3.0,32.0
2022-04-19 16:12:50,320 ms,0.246,24.6,0.931,640,0.246,31.0,0.333,3.0,32.0
2022-04-19 16:12:52,318 ms,0.246,24.6,1.07,640,0.246,31.0,0.333,3.0,32.0
2022-04-19 16:12:54,311 ms,0.246,24.6,1.17,640,0.246,31.0,0.333,3.0,32.0
2022-04-19 16:12:56,309 ms,0.246,24.6,1.21,640,0.246,31.0,0.0,3.0,32.0
2022-04-19 16:12:58,285 ms,0.246,24.6,1.24,640,0.246,31.0,0.333,3.0,32.0
2022-04-19 16:13:00,265 ms,0.246,24.6,1.24,640,0.246,37.0,0.333,3.0,32.0
2022-04-19 16:13:02,276 ms,0.246,24.6,1.34,640,0.246,37.0,1.0,3.0,32.0
2022-04-19 16:13:04,293 ms,0.246,24.6,1.17,640,0.246,37.0,0.0,3.0,32.0
2022-04-19 16:13:06,292 ms,0.246,24.6,1.21,640,0.246,37.0,0.667,3.0,32.0
2022-04-19 16:13:08,276 ms,0.246,24.6,1.21,640,0.246,37.0,1.0,3.0,32.0
2022-04-19 16:13:10,279 ms,0.246,24.6,1.24,640,0.246,37.0,0.0,3.0,32.0
2022-04-19 16:13:12,289 ms,0.246,24.6,1.31,640,0.246,37.0,1.0,3.0,32.0
2022-04-19 16:13:14,290 ms,0.246,24.6,1.28,640,0.246,37.0,0.0,3.0,32.0
2022-04-19 16:13:15,290 ms,0.203,20.7,1.28,597,0.207,39.0,0.0,3.0,29.9
2022-04-19 16:13:16,277 ms,0.203,20.7,1.31,597,0.207,39.0,0.333,3.0,29.9
2022-04-19 16:13:18,296 ms,0.203,20.7,1.21,597,0.207,39.0,0.333,3.0,29.9
2022-04-19 16:13:20,270 ms,0.203,20.7,1.21,597,0.207,39.0,0.667,3.0,29.9
2022-04-19 16:13:22,254 ms,0.203,20.7,1.21,597,0.207,39.0,0.333,3.0,29.9
2022-04-19 16:13:24,259 ms,0.203,20.7,1.21,597,0.207,39.0,0.333,3.0,29.9
2022-04-19 16:13:26,264 ms,0.203,20.7,1.14,597,0.207,39.0,0.0,3.0,29.9
2022-04-19 16:13:28,431 ms,0.203,20.7,1.14,597,0.207,39.0,0.333,3.0,29.9
2022-04-19 16:13:30,428 ms,0.203,20.7,1.1,597,0.207,33.0,0.0,3.0,29.9
2022-04-19 16:13:32,428 ms,0.203,20.7,1.07,597,0.207,33.0,0.0,3.0,29.9
2022-04-19 16:13:34,558 ms,0.203,20.7,1.24,597,0.207,33.0,0.0,3.0,29.9
2022-04-19 16:13:36,431 ms,0.203,20.7,1.21,597,0.207,33.0,0.0,3.0,29.9
2022-04-19 16:13:38,446 ms,0.203,20.7,1.07,597,0.207,33.0,0.0,3.0,29.9
2022-04-19 16:13:40,416 ms,0.203,20.7,1.1,597,0.207,33.0,0.0,3.0,29.9
2022-04-19 16:13:42,244 ms,0.203,20.7,1.03,597,0.207,33.0,0.0,3.0,29.9
2022-04-19 16:13:44,244 ms,0.203,20.7,1.14,597,0.207,33.0,0.667,3.0,29.9
2022-04-19 16:13:45,244 ms,0.226,18.6,1.14,670,0.186,34.0,0.667,3.0,33.5
2022-04-19 16:13:46,272 ms,0.226,18.6,1.17,670,0.186,34.0,0.333,3.0,33.5
2022-04-19 16:13:48,275 ms,0.226,18.6,1.17,670,0.186,34.0,1.0,3.0,33.5
2022-04-19 16:13:50,276 ms,0.226,18.6,1.14,670,0.186,34.0,0.667,3.0,33.5
2022-04-19 16:13:52,302 ms,0.226,18.6,1.1,670,0.186,34.0,0.667,3.0,33.5
2022-04-19 16:13:54,316 ms,0.226,18.6,1.17,670,0.186,34.0,0.333,3.0,33.5
2022-04-19 16:13:56,321 ms,0.226,18.6,1.31,670,0.186,34.0,0.333,3.0,33.5
2022-04-19 16:13:58,340 ms,0.226,18.6,1.41,670,0.186,34.0,1.0,3.0,33.5
2022-04-19 16:14:00,351 ms,0.226,18.6,1.38,670,0.186,41.0,0.0,3.0,33.5
2022-04-19 16:14:02,322 ms,0.226,18.6,1.28,670,0.186,41.0,0.333,3.0,33.5
2022-04-19 16:14:04,315 ms,0.226,18.6,1.31,670,0.186,41.0,0.667,3.0,33.5
2022-04-19 16:14:06,315 ms,0.226,18.6,1.34,670,0.186,41.0,0.333,3.0,33.5
2022-04-19 16:14:08,273 ms,0.226,18.6,1.34,670,0.186,41.0,0.333,3.0,33.5
2022-04-19 16:14:10,261 ms,0.226,18.6,1.31,670,0.186,41.0,0.333,3.0,33.5
2022-04-19 16:14:12,262 ms,0.226,18.6,1.34,670,0.186,41.0,0.667,3.0,33.5
2022-04-19 16:14:14,263 ms,0.226,18.6,1.34,670,0.186,41.0,0.667,3.0,33.5
2022-04-19 16:14:15,263 ms,0.222,21.9,1.34,693,0.219,40.0,0.667,3.0,34.7
2022-04-19 16:14:16,376 ms,0.222,21.9,1.48,693,0.219,40.0,1.33,3.0,34.7
2022-04-19 16:14:18,373 ms,0.222,21.9,1.41,693,0.219,40.0,0.333,3.0,34.7
2022-04-19 16:14:20,458 ms,0.222,21.9,1.55,693,0.219,40.0,1.0,3.0,34.7
2022-04-19 16:14:22,466 ms,0.222,21.9,1.48,693,0.219,40.0,0.667,3.0,34.7
2022-04-19 16:14:24,329 ms,0.222,21.9,1.41,693,0.219,40.0,0.667,3.0,34.7
2022-04-19 16:14:26,331 ms,0.222,21.9,1.38,693,0.219,40.0,0.333,3.0,34.7
2022-04-19 16:14:28,355 ms,0.222,21.9,1.41,693,0.219,40.0,0.333,3.0,34.7
2022-04-19 16:14:30,372 ms,0.222,21.9,1.48,693,0.219,44.0,1.0,3.0,34.7
2022-04-19 16:14:32,372 ms,0.222,21.9,1.45,693,0.219,44.0,0.0,3.0,34.7
2022-04-19 16:14:34,346 ms,0.222,21.9,1.52,693,0.219,44.0,0.333,3.0,34.7
2022-04-19 16:14:36,335 ms,0.222,21.9,1.52,693,0.219,44.0,0.333,3.0,34.7
2022-04-19 16:14:38,342 ms,0.222,21.9,1.55,693,0.219,44.0,0.333,3.0,34.7
2022-04-19 16:14:40,295 ms,0.222,21.9,1.59,693,0.219,44.0,0.667,3.0,34.7
2022-04-19 16:14:42,264 ms,0.222,21.9,1.55,693,0.219,44.0,0.333,3.0,34.7
2022-04-19 16:14:44,268 ms,0.222,21.9,1.48,693,0.219,44.0,0.0,3.0,34.7
2022-04-19 16:14:45,268 ms,0.257,24.1,1.48,652,0.241,42.0,0.0,3.0,32.6
2022-04-19 16:14:46,414 ms,0.257,24.1,1.48,652,0.241,42.0,1.0,3.0,32.6
2022-04-19 16:14:48,528 ms,0.257,24.1,1.52,652,0.241,42.0,1.0,3.0,32.6
2022-04-19 16:14:50,675 ms,0.257,24.1,1.55,652,0.241,42.0,0.333,3.0,32.6
2022-04-19 16:14:52,702 ms,0.257,24.1,1.48,652,0.241,42.0,0.333,3.0,32.6
2022-04-19 16:14:54,591 ms,0.257,24.1,1.52,652,0.241,42.0,1.0,3.0,32.6
2022-04-19 16:14:56,457 ms,0.257,24.1,1.41,652,0.241,42.0,0.0,3.0,32.6
2022-04-19 16:14:58,302 ms,0.257,24.1,1.45,652,0.241,42.0,0.333,3.0,32.6
2022-04-19 16:15:00,253 ms,0.257,24.1,1.38,652,0.241,41.0,0.333,3.0,32.6
2022-04-19 16:15:02,257 ms,0.257,24.1,1.41,652,0.241,41.0,1.0,3.0,32.6
2022-04-19 16:15:04,275 ms,0.257,24.1,1.55,652,0.241,41.0,1.0,3.0,32.6
2022-04-19 16:15:06,279 ms,0.257,24.1,1.48,652,0.241,41.0,0.333,3.0,32.6
2022-04-19 16:15:08,289 ms,0.257,24.1,1.45,652,0.241,41.0,0.0,3.0,32.6
2022-04-19 16:15:10,305 ms,0.257,24.1,1.41,652,0.241,41.0,0.0,3.0,32.6
2022-04-19 16:15:12,274 ms,0.257,24.1,1.41,652,0.241,41.0,0.333,3.0,32.6
2022-04-19 16:15:14,281 ms,0.257,24.1,1.41,652,0.241,41.0,0.333,3.0,32.6
2022-04-19 16:15:15,281 ms,0.267,21.0,1.41,652,0.21,41.0,0.333,3.0,32.6
2022-04-19 16:15:16,352 ms,0.267,21.0,1.38,652,0.21,41.0,1.0,3.0,32.6
2022-04-19 16:15:18,349 ms,0.267,21.0,1.28,652,0.21,41.0,0.0,3.0,32.6
2022-04-19 16:15:20,353 ms,0.267,21.0,1.28,652,0.21,41.0,0.333,3.0,32.6
2022-04-19 16:15:22,398 ms,0.267,21.0,1.38,652,0.21,41.0,0.667,3.0,32.6
2022-04-19 16:15:24,434 ms,0.267,21.0,1.28,652,0.21,41.0,0.0,3.0,32.6
2022-04-19 16:15:26,318 ms,0.267,21.0,1.34,652,0.21,41.0,0.667,3.0,32.6
2022-04-19 16:15:28,301 ms,0.267,21.0,1.38,652,0.21,41.0,0.333,3.0,32.6
2022-04-19 16:15:30,274 ms,0.267,21.0,1.45,652,0.21,43.0,0.667,3.0,32.6
2022-04-19 16:15:32,255 ms,0.267,21.0,1.38,652,0.21,43.0,0.667,3.0,32.6
2022-04-19 16:15:34,254 ms,0.267,21.0,1.28,652,0.21,43.0,0.0,3.0,32.6
2022-04-19 16:15:36,299 ms,0.267,21.0,1.28,652,0.21,43.0,0.333,3.0,32.6
2022-04-19 16:15:38,292 ms,0.267,21.0,1.38,652,0.21,43.0,0.333,3.0,32.6
2022-04-19 16:15:40,307 ms,0.267,21.0,1.41,652,0.21,43.0,0.333,3.0,32.6
2022-04-19 16:15:42,349 ms,0.267,21.0,1.38,652,0.21,43.0,0.333,3.0,32.6
2022-04-19 16:15:44,342 ms,0.267,21.0,1.34,652,0.21,43.0,0.333,3.0,32.6
2022-04-19 16:15:45,342 ms,0.234,22.2,1.34,595,0.222,39.0,0.333,3.0,29.8
2022-04-19 16:15:46,316 ms,0.234,22.2,1.21,595,0.222,39.0,0.0,3.0,29.8
2022-04-19 16:15:48,321 ms,0.234,22.2,1.24,595,0.222,39.0,0.333,3.0,29.8
2022-04-19 16:15:50,309 ms,0.234,22.2,1.17,595,0.222,39.0,0.0,3.0,29.8
2022-04-19 16:15:52,265 ms,0.234,22.2,1.07,595,0.222,39.0,0.0,3.0,29.8
2022-04-19 16:15:54,267 ms,0.234,22.2,1.14,595,0.222,39.0,0.333,3.0,29.8
2022-04-19 16:15:56,269 ms,0.234,22.2,1.1,595,0.222,39.0,0.333,3.0,29.8
2022-04-19 16:15:58,341 ms,0.234,22.2,1.1,595,0.222,39.0,0.0,3.0,29.8
2022-04-19 16:16:00,341 ms,0.234,22.2,1.07,595,0.222,32.0,0.667,3.0,29.8
2022-04-19 16:16:02,341 ms,0.234,22.2,1.07,595,0.222,32.0,0.0,3.0,29.8
2022-04-19 16:16:04,500 ms,0.234,22.2,1.07,595,0.222,32.0,0.333,3.0,29.8
2022-04-19 16:16:06,445 ms,0.234,22.2,1.0,595,0.222,32.0,0.667,3.0,29.8
2022-04-19 16:16:08,467 ms,0.234,22.2,1.1,595,0.222,32.0,1.0,3.0,29.8
2022-04-19 16:16:10,284 ms,0.234,22.2,1.14,595,0.222,32.0,0.0,3.0,29.8
2022-04-19 16:16:12,285 ms,0.234,22.2,1.14,595,0.222,32.0,0.333,3.0,29.8
2022-04-19 16:16:14,288 ms,0.234,22.2,1.17,595,0.222,32.0,0.333,3.0,29.8
2022-04-19 16:16:15,288 ms,0.341,22.1,1.17,588,0.221,36.0,0.333,3.0,29.4
2022-04-19 16:16:16,280 ms,0.341,22.1,1.17,588,0.221,36.0,0.0,3.0,29.4
2022-04-19 16:16:18,267 ms,0.341,22.1,1.1,588,0.221,36.0,0.0,3.0,29.4
2022-04-19 16:16:20,535 ms,0.341,22.1,1.21,588,0.221,36.0,0.667,3.0,29.4
2022-04-19 16:16:22,501 ms,0.341,22.1,1.41,588,0.221,36.0,1.67,3.0,29.4
2022-04-19 16:16:24,479 ms,0.341,22.1,1.41,588,0.221,36.0,0.0,3.0,29.4
2022-04-19 16:16:26,484 ms,0.341,22.1,1.48,588,0.221,36.0,1.0,3.0,29.4
2022-04-19 16:16:28,429 ms,0.341,22.1,1.55,588,0.221,36.0,0.333,3.0,29.4
2022-04-19 16:16:30,325 ms,0.341,22.1,1.55,588,0.221,47.0,1.0,3.0,29.4
2022-04-19 16:16:32,352 ms,0.341,22.1,1.66,588,0.221,47.0,1.0,3.0,29.4
2022-04-19 16:16:34,346 ms,0.341,22.1,1.62,588,0.221,47.0,0.333,3.0,29.4
2022-04-19 16:16:36,307 ms,0.341,22.1,1.59,588,0.221,47.0,0.333,3.0,29.4
2022-04-19 16:16:38,296 ms,0.341,22.1,1.55,588,0.221,47.0,0.0,3.0,29.4
2022-04-19 16:16:40,314 ms,0.341,22.1,1.62,588,0.221,47.0,1.0,3.0,29.4
2022-04-19 16:16:42,361 ms,0.341,22.1,1.66,588,0.221,47.0,0.333,3.0,29.4
2022-04-19 16:16:44,499 ms,0.341,22.1,1.66,588,0.221,47.0,0.0,3.0,29.4
2022-04-19 16:16:45,499 ms,0.212,22.4,1.66,744,0.224,53.0,0.0,3.0,37.2
2022-04-19 16:16:46,485 ms,0.212,22.4,1.72,744,0.224,53.0,0.0,3.0,37.2
2022-04-19 16:16:48,485 ms,0.212,22.4,1.66,744,0.224,53.0,0.0,3.0,37.2
2022-04-19 16:16:50,419 ms,0.212,22.4,1.52,744,0.224,53.0,0.333,3.0,37.2
2022-04-19 16:16:52,419 ms,0.212,22.4,1.31,744,0.224,53.0,0.0,3.0,37.2
2022-04-19 16:16:54,419 ms,0.212,22.4,1.24,744,0.224,53.0,0.0,3.0,37.2
2022-04-19 16:16:56,267 ms,0.212,22.4,1.21,744,0.224,53.0,1.0,3.0,37.2
2022-04-19 16:16:58,273 ms,0.212,22.4,1.24,744,0.224,53.0,0.667,3.0,37.2
2022-04-19 16:17:00,267 ms,0.212,22.4,1.24,744,0.224,37.0,1.0,3.0,37.2
2022-04-19 16:17:02,309 ms,0.212,22.4,1.38,744,0.224,37.0,1.67,3.0,37.2
2022-04-19 16:17:04,346 ms,0.212,22.4,1.45,744,0.224,37.0,0.667,3.0,37.2
2022-04-19 16:17:06,353 ms,0.212,22.4,1.38,744,0.224,37.0,0.0,3.0,37.2
2022-04-19 16:17:08,363 ms,0.212,22.4,1.38,744,0.224,37.0,0.0,3.0,37.2
2022-04-19 16:17:10,430 ms,0.212,22.4,1.21,744,0.224,37.0,0.333,3.0,37.2
2022-04-19 16:17:12,357 ms,0.212,22.4,1.28,744,0.224,37.0,1.0,3.0,37.2
2022-04-19 16:17:14,318 ms,0.212,22.4,1.21,744,0.224,37.0,0.0,3.0,37.2
2022-04-19 16:17:15,318 ms,0.313,24.5,1.21,664,0.245,38.0,0.0,3.0,33.2
2022-04-19 16:17:16,324 ms,0.313,24.5,1.28,664,0.245,38.0,0.0,3.0,33.2
2022-04-19 16:17:18,313 ms,0.313,24.5,1.31,664,0.245,38.0,0.333,3.0,33.2
2022-04-19 16:17:20,313 ms,0.313,24.5,1.38,664,0.245,38.0,0.667,3.0,33.2
2022-04-19 16:17:22,323 ms,0.313,24.5,1.52,664,0.245,38.0,1.0,3.0,33.2
2022-04-19 16:17:24,301 ms,0.313,24.5,1.69,664,0.245,38.0,0.333,3.0,33.2
2022-04-19 16:17:26,302 ms,0.313,24.5,1.59,664,0.245,38.0,0.0,3.0,33.2
2022-04-19 16:17:28,301 ms,0.313,24.5,1.62,664,0.245,38.0,0.333,3.0,33.2
2022-04-19 16:17:30,308 ms,0.313,24.5,1.62,664,0.245,49.0,1.33,3.0,33.2
2022-04-19 16:17:32,325 ms,0.313,24.5,1.38,664,0.245,49.0,0.0,3.0,33.2
2022-04-19 16:17:34,312 ms,0.313,24.5,1.24,664,0.245,49.0,0.333,3.0,33.2
2022-04-19 16:17:36,291 ms,0.313,24.5,1.28,664,0.245,49.0,0.0,3.0,33.2
2022-04-19 16:17:38,298 ms,0.313,24.5,1.28,664,0.245,49.0,0.333,3.0,33.2
2022-04-19 16:17:40,324 ms,0.313,24.5,1.28,664,0.245,49.0,0.667,3.0,33.2
2022-04-19 16:17:42,328 ms,0.313,24.5,1.17,664,0.245,49.0,0.0,3.0,33.2
2022-04-19 16:17:44,290 ms,0.313,24.5,1.24,664,0.245,49.0,0.667,3.0,33.2
2022-04-19 16:17:45,290 ms,0.155,20.2,1.24,671,0.202,39.0,0.667,3.0,33.6
2022-04-19 16:17:46,289 ms,0.155,20.2,1.31,671,0.202,39.0,0.0,3.0,33.6
2022-04-19 16:17:48,289 ms,0.155,20.2,1.34,671,0.202,39.0,1.0,3.0,33.6
2022-04-19 16:17:50,428 ms,0.155,20.2,1.38,671,0.202,39.0,1.0,3.0,33.6
2022-04-19 16:17:52,424 ms,0.155,20.2,1.17,671,0.202,39.0,0.333,3.0,33.6
2022-04-19 16:17:54,394 ms,0.155,20.2,1.17,671,0.202,39.0,0.333,3.0,33.6
2022-04-19 16:17:56,368 ms,0.155,20.2,1.21,671,0.202,39.0,0.0,3.0,33.6
2022-04-19 16:17:58,272 ms,0.155,20.2,1.24,671,0.202,39.0,0.0,3.0,33.6
2022-04-19 16:18:00,275 ms,0.155,20.2,1.17,671,0.202,35.0,1.0,3.0,33.6
2022-04-19 16:18:02,315 ms,0.155,20.2,1.28,671,0.202,35.0,0.667,3.0,33.6
2022-04-19 16:18:04,367 ms,0.155,20.2,1.21,671,0.202,35.0,0.0,3.0,33.6
2022-04-19 16:18:06,361 ms,0.155,20.2,1.38,671,0.202,35.0,1.33,3.0,33.6
2022-04-19 16:18:08,363 ms,0.155,20.2,1.34,671,0.202,35.0,0.0,3.0,33.6
2022-04-19 16:18:10,378 ms,0.155,20.2,1.28,671,0.202,35.0,0.333,3.0,33.6
2022-04-19 16:18:12,314 ms,0.155,20.2,1.24,671,0.202,35.0,0.0,3.0,33.6
2022-04-19 16:18:14,302 ms,0.155,20.2,1.17,671,0.202,35.0,0.333,3.0,33.6
2022-04-19 16:18:15,302 ms,0.219,20.1,1.17,627,0.201,37.0,0.333,3.0,31.4
2022-04-19 16:18:16,294 ms,0.219,20.1,1.41,627,0.201,37.0,2.0,3.0,31.4
2022-04-19 16:18:18,291 ms,0.219,20.1,1.28,627,0.201,37.0,0.333,3.0,31.4
2022-04-19 16:18:20,285 ms,0.219,20.1,1.34,627,0.201,37.0,0.0,3.0,31.4
2022-04-19 16:18:22,287 ms,0.219,20.1,1.38,627,0.201,37.0,0.333,3.0,31.4
2022-04-19 16:18:24,296 ms,0.219,20.1,1.38,627,0.201,37.0,1.0,3.0,31.4
2022-04-19 16:18:26,287 ms,0.219,20.1,1.31,627,0.201,37.0,0.333,3.0,31.4
2022-04-19 16:18:28,325 ms,0.219,20.1,1.48,627,0.201,37.0,0.667,3.0,31.4
2022-04-19 16:18:30,348 ms,0.219,20.1,1.45,627,0.201,43.0,1.0,3.0,31.4
2022-04-19 16:18:32,337 ms,0.219,20.1,1.45,627,0.201,43.0,0.333,3.0,31.4
2022-04-19 16:18:34,328 ms,0.219,20.1,1.59,627,0.201,43.0,0.667,3.0,31.4
2022-04-19 16:18:36,465 ms,0.219,20.1,1.69,627,0.201,43.0,1.0,3.0,31.4
2022-04-19 16:18:38,493 ms,0.219,20.1,1.72,627,0.201,43.0,0.0,3.0,31.4
2022-04-19 16:18:40,483 ms,0.219,20.1,1.72,627,0.201,43.0,0.0,3.0,31.4
2022-04-19 16:18:42,528 ms,0.219,20.1,1.83,627,0.201,43.0,0.667,3.0,31.4
2022-04-19 16:18:44,508 ms,0.219,20.1,1.79,627,0.201,43.0,0.333,3.0,31.4
2022-04-19 16:18:45,508 ms,0.209,28.2,1.79,683,0.282,49.0,0.333,3.0,34.2
2022-04-19 16:18:46,350 ms,0.209,28.2,1.72,683,0.282,49.0,1.0,3.0,34.2
2022-04-19 16:18:48,319 ms,0.209,28.2,1.59,683,0.282,49.0,0.667,3.0,34.2
2022-04-19 16:18:50,309 ms,0.209,28.2,1.55,683,0.282,49.0,0.333,3.0,34.2
2022-04-19 16:18:52,341 ms,0.209,28.2,1.69,683,0.282,49.0,0.667,3.0,34.2
2022-04-19 16:18:54,374 ms,0.209,28.2,1.66,683,0.282,49.0,0.333,3.0,34.2
2022-04-19 16:18:56,361 ms,0.209,28.2,1.62,683,0.282,49.0,0.667,3.0,34.2
2022-04-19 16:18:58,359 ms,0.209,28.2,1.62,683,0.282,49.0,0.0,3.0,34.2
2022-04-19 16:19:00,214 ms,0.209,28.2,1.52,683,0.282,46.0,0.333,3.0,34.2
2022-04-19 16:19:02,214 ms,0.209,28.2,1.41,683,0.282,46.0,0.0,3.0,34.2
2022-04-19 16:19:04,501 ms,0.209,28.2,1.34,683,0.282,46.0,0.336,3.0,34.2
2022-04-19 16:19:06,587 ms,0.209,28.2,1.38,683,0.282,46.0,1.0,3.0,34.2
2022-04-19 16:19:08,553 ms,0.209,28.2,1.38,683,0.282,46.0,0.667,3.0,34.2
2022-04-19 16:19:10,552 ms,0.209,28.2,1.41,683,0.282,46.0,0.667,3.0,34.2
2022-04-19 16:19:12,396 ms,0.209,28.2,1.31,683,0.282,46.0,0.0,3.0,34.2
2022-04-19 16:19:14,403 ms,0.209,28.2,1.31,683,0.282,46.0,0.333,3.0,34.2
2022-04-19 16:19:15,403 ms,0.252,22.5,1.31,588,0.225,39.0,0.333,3.0,29.4
2022-04-19 16:19:16,356 ms,0.252,22.5,1.38,588,0.225,39.0,0.667,3.0,29.4
2022-04-19 16:19:18,401 ms,0.252,22.5,1.45,588,0.225,39.0,0.333,3.0,29.4
2022-04-19 16:19:20,391 ms,0.252,22.5,1.41,588,0.225,39.0,0.667,3.0,29.4
2022-04-19 16:19:22,375 ms,0.252,22.5,1.41,588,0.225,39.0,0.667,3.0,29.4
2022-04-19 16:19:24,343 ms,0.252,22.5,1.48,588,0.225,39.0,1.0,3.0,29.4
2022-04-19 16:19:26,296 ms,0.252,22.5,1.38,588,0.225,39.0,0.333,3.0,29.4
2022-04-19 16:19:28,366 ms,0.252,22.5,1.52,588,0.225,39.0,0.667,3.0,29.4
2022-04-19 16:19:30,344 ms,0.252,22.5,1.48,588,0.225,44.0,0.333,3.0,29.4
2022-04-19 16:19:32,424 ms,0.252,22.5,1.52,588,0.225,44.0,1.33,3.0,29.4
2022-04-19 16:19:34,421 ms,0.252,22.5,1.69,588,0.225,44.0,1.0,3.0,29.4
2022-04-19 16:19:36,351 ms,0.252,22.5,1.69,588,0.225,44.0,0.667,3.0,29.4
2022-04-19 16:19:38,357 ms,0.252,22.5,1.66,588,0.225,44.0,0.333,3.0,29.4
2022-04-19 16:19:40,362 ms,0.252,22.5,1.66,588,0.225,44.0,0.0,3.0,29.4
2022-04-19 16:19:42,255 ms,0.252,22.5,1.72,588,0.225,44.0,0.667,3.0,29.4
2022-04-19 16:19:44,255 ms,0.252,22.5,1.72,588,0.225,44.0,0.333,3.0,29.4
2022-04-19 16:19:45,255 ms,0.271,25.5,1.72,681,0.255,51.0,0.333,3.0,34.1
2022-04-19 16:19:46,255 ms,0.271,25.5,1.66,681,0.255,51.0,0.667,3.0,34.1
2022-04-19 16:19:48,255 ms,0.271,25.5,1.72,681,0.255,51.0,1.33,3.0,34.1
2022-04-19 16:19:50,477 ms,0.271,25.5,1.76,681,0.255,51.0,0.667,3.0,34.1
2022-04-19 16:19:52,487 ms,0.271,25.5,1.79,681,0.255,51.0,0.667,3.0,34.1
2022-04-19 16:19:54,452 ms,0.271,25.5,1.83,681,0.255,51.0,0.333,3.0,34.1
2022-04-19 16:19:56,436 ms,0.271,25.5,1.79,681,0.255,51.0,0.333,3.0,34.1
2022-04-19 16:19:58,336 ms,0.271,25.5,1.72,681,0.255,51.0,0.0,3.0,34.1
2022-04-19 16:20:00,430 ms,0.271,25.5,1.86,681,0.255,56.0,1.33,3.0,34.1
2022-04-19 16:20:02,399 ms,0.271,25.5,1.66,681,0.255,56.0,0.333,3.0,34.1
2022-04-19 16:20:04,428 ms,0.271,25.5,1.66,681,0.255,56.0,1.0,3.0,34.1
2022-04-19 16:20:06,354 ms,0.271,25.5,1.69,681,0.255,56.0,0.667,3.0,34.1
2022-04-19 16:20:08,341 ms,0.271,25.5,1.62,681,0.255,56.0,0.0,3.0,34.1
2022-04-19 16:20:10,301 ms,0.271,25.5,1.66,681,0.255,56.0,0.0,3.0,34.1
2022-04-19 16:20:12,306 ms,0.271,25.5,1.62,681,0.255,56.0,0.333,3.0,34.1
2022-04-19 16:20:14,260 ms,0.271,25.5,1.69,681,0.255,56.0,0.667,3.0,34.1
2022-04-19 16:20:15,260 ms,0.289,27.7,1.69,792,0.277,50.0,0.667,3.0,39.6
2022-04-19 16:20:16,265 ms,0.289,27.7,1.66,792,0.277,50.0,0.333,3.0,39.6
2022-04-19 16:20:18,277 ms,0.289,27.7,1.48,792,0.277,50.0,0.0,3.0,39.6
2022-04-19 16:20:20,247 ms,0.289,27.7,1.38,792,0.277,50.0,0.333,3.0,39.6
2022-04-19 16:20:22,259 ms,0.289,27.7,1.38,792,0.277,50.0,1.0,3.0,39.6
2022-04-19 16:20:24,259 ms,0.289,27.7,1.38,792,0.277,50.0,0.333,3.0,39.6
2022-04-19 16:20:26,259 ms,0.289,27.7,1.45,792,0.277,50.0,0.333,3.0,39.6
2022-04-19 16:20:28,285 ms,0.289,27.7,1.45,792,0.277,50.0,0.333,3.0,39.6
2022-04-19 16:20:30,294 ms,0.289,27.7,1.31,792,0.277,39.0,0.667,3.0,39.6
2022-04-19 16:20:32,308 ms,0.289,27.7,1.34,792,0.277,39.0,0.333,3.0,39.6
2022-04-19 16:20:34,337 ms,0.289,27.7,1.21,792,0.277,39.0,0.333,3.0,39.6
2022-04-19 16:20:36,300 ms,0.289,27.7,1.1,792,0.277,39.0,0.0,3.0,39.6
2022-04-19 16:20:38,299 ms,0.289,27.7,1.1,792,0.277,39.0,0.333,3.0,39.6
2022-04-19 16:20:40,299 ms,0.289,27.7,1.0,792,0.277,39.0,0.0,3.0,39.6
2022-04-19 16:20:42,299 ms,0.289,27.7,1.03,792,0.277,39.0,1.33,3.0,39.6
2022-04-19 16:20:44,299 ms,0.289,27.7,0.966,792,0.277,39.0,0.333,3.0,39.6
2022-04-19 16:20:45,299 ms,0.187,18.5,0.966,696,0.185,31.0,0.333,3.0,34.8
2022-04-19 16:20:46,299 ms,0.187,18.5,1.03,696,0.185,31.0,0.333,3.0,34.8
2022-04-19 16:20:48,377 ms,0.187,18.5,1.07,696,0.185,31.0,0.333,3.0,34.8
2022-04-19 16:20:50,372 ms,0.187,18.5,1.0,696,0.185,31.0,0.0,3.0,34.8
2022-04-19 16:20:52,415 ms,0.187,18.5,1.0,696,0.185,31.0,1.0,3.0,34.8
2022-04-19 16:20:54,384 ms,0.187,18.5,0.931,696,0.185,31.0,0.0,3.0,34.8
2022-04-19 16:20:56,371 ms,0.187,18.5,0.931,696,0.185,31.0,0.0,3.0,34.8
2022-04-19 16:20:58,360 ms,0.187,18.5,1.03,696,0.185,31.0,1.0,3.0,34.8
2022-04-19 16:21:00,338 ms,0.187,18.5,0.931,696,0.185,28.0,0.333,3.0,34.8
2022-04-19 16:21:02,293 ms,0.187,18.5,0.931,696,0.185,28.0,0.0,3.0,34.8
2022-04-19 16:21:04,293 ms,0.187,18.5,0.897,696,0.185,28.0,0.0,3.0,34.8
2022-04-19 16:21:06,345 ms,0.187,18.5,1.03,696,0.185,28.0,1.33,3.0,34.8
2022-04-19 16:21:08,378 ms,0.187,18.5,1.0,696,0.185,28.0,0.0,3.0,34.8
2022-04-19 16:21:10,418 ms,0.187,18.5,1.03,696,0.185,28.0,0.333,3.0,34.8
2022-04-19 16:21:12,411 ms,0.187,18.5,0.966,696,0.185,28.0,0.667,3.0,34.8
2022-04-19 16:21:14,454 ms,0.187,18.5,0.862,696,0.185,28.0,0.333,3.0,34.8
2022-04-19 16:21:15,454 ms,0.217,20.3,0.862,771,0.203,27.0,0.333,3.0,38.6
2022-04-19 16:21:16,340 ms,0.217,20.3,0.931,771,0.203,27.0,0.333,3.0,38.6
2022-04-19 16:21:18,388 ms,0.217,20.3,0.966,771,0.203,27.0,0.667,3.0,38.6
2022-04-19 16:21:20,381 ms,0.217,20.3,1.0,771,0.203,27.0,0.667,3.0,38.6
2022-04-19 16:21:22,356 ms,0.217,20.3,0.931,771,0.203,27.0,0.667,3.0,38.6
2022-04-19 16:21:24,320 ms,0.217,20.3,0.897,771,0.203,27.0,0.0,3.0,38.6
2022-04-19 16:21:26,321 ms,0.217,20.3,0.931,771,0.203,27.0,0.333,3.0,38.6
2022-04-19 16:21:28,265 ms,0.217,20.3,0.897,771,0.203,27.0,0.0,3.0,38.6
2022-04-19 16:21:30,265 ms,0.217,20.3,0.897,771,0.203,27.0,0.333,3.0,38.6
2022-04-19 16:21:32,332 ms,0.217,20.3,1.03,771,0.203,27.0,0.667,3.0,38.6
2022-04-19 16:21:34,380 ms,0.217,20.3,1.07,771,0.203,27.0,0.333,3.0,38.6
2022-04-19 16:21:36,392 ms,0.217,20.3,1.0,771,0.203,27.0,0.333,3.0,38.6
2022-04-19 16:21:38,363 ms,0.217,20.3,1.1,771,0.203,27.0,0.667,3.0,38.6
2022-04-19 16:21:40,350 ms,0.217,20.3,1.28,771,0.203,27.0,1.0,3.0,38.6
2022-04-19 16:21:42,328 ms,0.217,20.3,1.31,771,0.203,27.0,0.667,3.0,38.6
2022-04-19 16:21:44,328 ms,0.217,20.3,1.28,771,0.203,27.0,0.0,3.0,38.6
2022-04-19 16:21:45,328 ms,0.217,20.7,1.28,487,0.207,40.0,0.0,3.0,24.4
2022-04-19 16:21:46,378 ms,0.217,20.7,1.38,487,0.207,40.0,0.667,3.0,24.4
2022-04-19 16:21:48,391 ms,0.217,20.7,1.38,487,0.207,40.0,0.333,3.0,24.4
2022-04-19 16:21:50,344 ms,0.217,20.7,1.45,487,0.207,40.0,0.667,3.0,24.4
2022-04-19 16:21:52,357 ms,0.217,20.7,1.41,487,0.207,40.0,0.0,3.0,24.4
2022-04-19 16:21:54,362 ms,0.217,20.7,1.59,487,0.207,40.0,0.333,3.0,24.4
2022-04-19 16:21:56,355 ms,0.217,20.7,1.55,487,0.207,40.0,0.333,3.0,24.4
2022-04-19 16:21:58,341 ms,0.217,20.7,1.69,487,0.207,40.0,1.33,3.0,24.4
2022-04-19 16:22:00,372 ms,0.217,20.7,1.66,487,0.207,50.0,0.667,3.0,24.4
2022-04-19 16:22:02,373 ms,0.217,20.7,1.62,487,0.207,50.0,0.0,3.0,24.4
2022-04-19 16:22:04,337 ms,0.217,20.7,1.59,487,0.207,50.0,0.333,3.0,24.4
2022-04-19 16:22:06,326 ms,0.217,20.7,1.66,487,0.207,50.0,0.333,3.0,24.4
2022-04-19 16:22:08,317 ms,0.217,20.7,1.62,487,0.207,50.0,0.667,3.0,24.4
2022-04-19 16:22:10,268 ms,0.217,20.7,1.48,487,0.207,50.0,0.0,3.0,24.4
2022-04-19 16:22:12,272 ms,0.217,20.7,1.45,487,0.207,50.0,0.667,3.0,24.4
2022-04-19 16:22:14,278 ms,0.217,20.7,1.38,487,0.207,50.0,0.333,3.0,24.4
2022-04-19 16:22:15,278 ms,0.199,26.6,1.38,678,0.266,40.0,0.333,3.0,33.9
2022-04-19 16:22:16,291 ms,0.199,26.6,1.38,678,0.266,40.0,0.667,3.0,33.9
2022-04-19 16:22:18,291 ms,0.199,26.6,1.31,678,0.266,40.0,0.0,3.0,33.9
2022-04-19 16:22:20,368 ms,0.199,26.6,1.41,678,0.266,40.0,1.33,3.0,33.9
2022-04-19 16:22:22,359 ms,0.199,26.6,1.31,678,0.266,40.0,0.333,3.0,33.9
2022-04-19 16:22:24,407 ms,0.199,26.6,1.34,678,0.266,40.0,0.667,3.0,33.9
2022-04-19 16:22:26,393 ms,0.199,26.6,1.41,678,0.266,40.0,0.667,3.0,33.9
2022-04-19 16:22:28,406 ms,0.199,26.6,1.45,678,0.266,40.0,0.667,3.0,33.9
2022-04-19 16:22:30,338 ms,0.199,26.6,1.45,678,0.266,43.0,0.333,3.0,33.9
2022-04-19 16:22:32,430 ms,0.199,26.6,1.55,678,0.266,43.0,0.333,3.0,33.9
2022-04-19 16:22:34,435 ms,0.199,26.6,1.69,678,0.266,43.0,1.0,3.0,33.9
2022-04-19 16:22:36,444 ms,0.199,26.6,1.62,678,0.266,43.0,0.0,3.0,33.9
2022-04-19 16:22:38,506 ms,0.199,26.6,1.72,678,0.266,43.0,0.667,3.0,33.9
2022-04-19 16:22:40,457 ms,0.199,26.6,1.69,678,0.266,43.0,0.0,3.0,33.9
2022-04-19 16:22:42,474 ms,0.199,26.6,1.69,678,0.266,43.0,0.333,3.0,33.9
2022-04-19 16:22:44,480 ms,0.199,26.6,1.66,678,0.266,43.0,0.333,3.0,33.9
2022-04-19 16:22:45,480 ms,0.187,20.9,1.66,747,0.209,49.0,0.333,3.0,37.4
2022-04-19 16:22:46,363 ms,0.187,20.9,1.59,747,0.209,49.0,0.0,3.0,37.4
2022-04-19 16:22:48,315 ms,0.187,20.9,1.62,747,0.209,49.0,0.667,3.0,37.4
2022-04-19 16:22:50,308 ms,0.187,20.9,1.52,747,0.209,49.0,0.0,3.0,37.4
2022-04-19 16:22:52,257 ms,0.187,20.9,1.55,747,0.209,49.0,0.333,3.0,37.4
2022-04-19 16:22:54,259 ms,0.187,20.9,1.59,747,0.209,49.0,0.667,3.0,37.4
2022-04-19 16:22:56,245 ms,0.187,20.9,1.55,747,0.209,49.0,0.667,3.0,37.4
2022-04-19 16:22:58,263 ms,0.187,20.9,1.48,747,0.209,49.0,0.333,3.0,37.4
2022-04-19 16:23:00,259 ms,0.187,20.9,1.48,747,0.209,44.0,1.0,3.0,37.4
2022-04-19 16:23:02,258 ms,0.187,20.9,1.45,747,0.209,44.0,0.667,3.0,37.4
2022-04-19 16:23:04,270 ms,0.187,20.9,1.38,747,0.209,44.0,0.333,3.0,37.4
2022-04-19 16:23:06,317 ms,0.187,20.9,1.34,747,0.209,44.0,0.667,3.0,37.4
2022-04-19 16:23:08,343 ms,0.187,20.9,1.38,747,0.209,44.0,0.333,3.0,37.4
2022-04-19 16:23:10,425 ms,0.187,20.9,1.38,747,0.209,44.0,0.333,3.0,37.4
2022-04-19 16:23:12,396 ms,0.187,20.9,1.45,747,0.209,44.0,0.667,3.0,37.4
2022-04-19 16:23:14,406 ms,0.187,20.9,1.41,747,0.209,44.0,0.0,3.0,37.4
2022-04-19 16:23:15,406 ms,0.259,25.7,1.41,703,0.257,44.0,0.0,3.0,35.2
2022-04-19 16:23:16,330 ms,0.259,25.7,1.55,703,0.257,44.0,1.33,3.0,35.2
2022-04-19 16:23:18,340 ms,0.259,25.7,1.45,703,0.257,44.0,0.0,3.0,35.2
2022-04-19 16:23:20,355 ms,0.259,25.7,1.38,703,0.257,44.0,0.0,3.0,35.2
2022-04-19 16:23:22,318 ms,0.259,25.7,1.34,703,0.257,44.0,0.667,3.0,35.2
2022-04-19 16:23:24,319 ms,0.259,25.7,1.21,703,0.257,44.0,0.0,3.0,35.2
2022-04-19 16:23:26,312 ms,0.259,25.7,1.21,703,0.257,44.0,1.0,3.0,35.2
2022-04-19 16:23:28,349 ms,0.259,25.7,1.24,703,0.257,44.0,0.667,3.0,35.2
2022-04-19 16:23:30,329 ms,0.259,25.7,1.14,703,0.257,34.0,0.667,3.0,35.2
2022-04-19 16:23:32,329 ms,0.259,25.7,1.07,703,0.257,34.0,0.0,3.0,35.2
2022-04-19 16:23:34,329 ms,0.259,25.7,1.14,703,0.257,34.0,1.0,3.0,35.2
2022-04-19 16:23:36,329 ms,0.259,25.7,1.1,703,0.257,34.0,1.0,3.0,35.2
2022-04-19 16:23:38,329 ms,0.259,25.7,1.17,703,0.257,34.0,1.0,3.0,35.2
2022-04-19 16:23:40,329 ms,0.259,25.7,1.21,703,0.257,34.0,0.667,3.0,35.2
2022-04-19 16:23:42,329 ms,0.259,25.7,1.21,703,0.257,34.0,1.0,3.0,35.2
2022-04-19 16:23:44,370 ms,0.259,25.7,1.31,703,0.257,34.0,1.0,3.0,35.2
2022-04-19 16:23:45,370 ms,0.186,20.8,1.31,686,0.208,37.0,1.0,3.0,34.3
2022-04-19 16:23:46,342 ms,0.186,20.8,1.21,686,0.208,37.0,0.0,3.0,34.3
2022-04-19 16:23:48,324 ms,0.186,20.8,1.31,686,0.208,37.0,0.0,3.0,34.3
2022-04-19 16:23:50,322 ms,0.186,20.8,1.38,686,0.208,37.0,0.667,3.0,34.3
2022-04-19 16:23:52,267 ms,0.186,20.8,1.34,686,0.208,37.0,0.0,3.0,34.3
2022-04-19 16:23:54,286 ms,0.186,20.8,1.31,686,0.208,37.0,0.0,3.0,34.3
2022-04-19 16:23:56,276 ms,0.186,20.8,1.21,686,0.208,37.0,0.0,3.0,34.3
2022-04-19 16:23:58,276 ms,0.186,20.8,1.1,686,0.208,37.0,0.0,3.0,34.3
2022-04-19 16:24:00,276 ms,0.186,20.8,1.0,686,0.208,30.0,0.0,3.0,34.3
2022-04-19 16:24:02,229 ms,0.186,20.8,1.14,686,0.208,30.0,1.0,3.0,34.3
2022-04-19 16:24:04,229 ms,0.186,20.8,1.03,686,0.208,30.0,0.0,3.0,34.3
2022-04-19 16:24:06,265 ms,0.186,20.8,0.966,686,0.208,30.0,0.0,3.0,34.3
2022-04-19 16:24:08,270 ms,0.186,20.8,0.931,686,0.208,30.0,0.667,3.0,34.3
2022-04-19 16:24:10,330 ms,0.186,20.8,1.03,686,0.208,30.0,1.0,3.0,34.3
2022-04-19 16:24:12,326 ms,0.186,20.8,1.0,686,0.208,30.0,0.667,3.0,34.3
2022-04-19 16:24:14,302 ms,0.186,20.8,1.14,686,0.208,30.0,1.0,3.0,34.3
2022-04-19 16:24:15,302 ms,0.229,23.5,1.14,635,0.235,35.0,1.0,3.0,31.8
2022-04-19 16:24:16,300 ms,0.229,23.5,1.1,635,0.235,35.0,0.333,3.0,31.8
2022-04-19 16:24:18,296 ms,0.229,23.5,1.28,635,0.235,35.0,1.0,3.0,31.8
2022-04-19 16:24:20,281 ms,0.229,23.5,1.24,635,0.235,35.0,0.0,3.0,31.8
2022-04-19 16:24:22,333 ms,0.229,23.5,1.45,635,0.235,35.0,1.33,3.0,31.8
2022-04-19 16:24:24,308 ms,0.229,23.5,1.55,635,0.235,35.0,0.667,3.0,31.8
2022-04-19 16:24:26,325 ms,0.229,23.5,1.62,635,0.235,35.0,0.667,3.0,31.8
2022-04-19 16:24:28,358 ms,0.229,23.5,1.62,635,0.235,35.0,0.0,3.0,31.8
2022-04-19 16:24:30,337 ms,0.229,23.5,1.62,635,0.235,49.0,0.0,3.0,31.8
2022-04-19 16:24:32,280 ms,0.229,23.5,1.62,635,0.235,49.0,0.333,3.0,31.8
2022-04-19 16:24:34,281 ms,0.229,23.5,1.62,635,0.235,49.0,0.333,3.0,31.8
2022-04-19 16:24:36,267 ms,0.229,23.5,1.66,635,0.235,49.0,0.333,3.0,31.8
2022-04-19 16:24:38,266 ms,0.229,23.5,1.52,635,0.235,49.0,0.0,3.0,31.8
2022-04-19 16:24:40,275 ms,0.229,23.5,1.45,635,0.235,49.0,0.333,3.0,31.8
2022-04-19 16:24:42,275 ms,0.229,23.5,1.24,635,0.235,49.0,0.0,3.0,31.8
2022-04-19 16:24:44,345 ms,0.229,23.5,1.24,635,0.235,49.0,0.667,3.0,31.8
2022-04-19 16:24:45,345 ms,0.235,26.3,1.24,587,0.263,39.0,0.667,3.0,29.4
2022-04-19 16:24:46,393 ms,0.235,26.3,1.21,587,0.263,39.0,0.0,3.0,29.4
2022-04-19 16:24:48,445 ms,0.235,26.3,1.03,587,0.263,39.0,0.0,3.0,29.4
2022-04-19 16:24:50,441 ms,0.235,26.3,1.07,587,0.263,39.0,0.667,3.0,29.4
2022-04-19 16:24:52,491 ms,0.235,26.3,0.931,587,0.263,39.0,0.0,3.0,29.4
2022-04-19 16:24:54,461 ms,0.235,26.3,0.966,587,0.263,39.0,0.0,3.0,29.4
2022-04-19 16:24:56,497 ms,0.235,26.3,0.931,587,0.263,39.0,0.0,3.0,29.4
2022-04-19 16:24:58,387 ms,0.235,26.3,1.03,587,0.263,39.0,1.33,3.0,29.4
2022-04-19 16:25:00,363 ms,0.235,26.3,1.1,587,0.263,33.0,0.0,3.0,29.4
2022-04-19 16:25:02,284 ms,0.235,26.3,1.17,587,0.263,33.0,0.0,3.0,29.4
2022-04-19 16:25:04,322 ms,0.235,26.3,1.31,587,0.263,33.0,0.667,3.0,29.4
2022-04-19 16:25:06,326 ms,0.235,26.3,1.34,587,0.263,33.0,0.333,3.0,29.4
2022-04-19 16:25:08,377 ms,0.235,26.3,1.34,587,0.263,33.0,0.0,3.0,29.4
2022-04-19 16:25:10,375 ms,0.235,26.3,1.31,587,0.263,33.0,0.333,3.0,29.4
2022-04-19 16:25:12,297 ms,0.235,26.3,1.34,587,0.263,33.0,0.667,3.0,29.4
2022-04-19 16:25:14,274 ms,0.235,26.3,1.34,587,0.263,33.0,1.33,3.0,29.4
2022-04-19 16:25:15,274 ms,0.154,18.8,1.34,712,0.188,40.0,1.33,3.0,35.6
2022-04-19 16:25:16,267 ms,0.154,18.8,1.38,712,0.188,40.0,0.333,3.0,35.6
2022-04-19 16:25:18,266 ms,0.154,18.8,1.41,712,0.188,40.0,0.333,3.0,35.6
2022-04-19 16:25:20,265 ms,0.154,18.8,1.41,712,0.188,40.0,0.333,3.0,35.6
2022-04-19 16:25:22,259 ms,0.154,18.8,1.34,712,0.188,40.0,0.333,3.0,35.6
2022-04-19 16:25:24,272 ms,0.154,18.8,1.45,712,0.188,40.0,1.0,3.0,35.6
2022-04-19 16:25:26,308 ms,0.154,18.8,1.55,712,0.188,40.0,0.667,3.0,35.6
2022-04-19 16:25:28,303 ms,0.154,18.8,1.55,712,0.188,40.0,1.33,3.0,35.6
2022-04-19 16:25:30,307 ms,0.154,18.8,1.45,712,0.188,43.0,0.0,3.0,35.6
2022-04-19 16:25:32,341 ms,0.154,18.8,1.38,712,0.188,43.0,0.333,3.0,35.6
2022-04-19 16:25:34,311 ms,0.154,18.8,1.38,712,0.188,43.0,0.333,3.0,35.6
2022-04-19 16:25:36,317 ms,0.154,18.8,1.38,712,0.188,43.0,0.333,3.0,35.6
2022-04-19 16:25:38,325 ms,0.154,18.8,1.52,712,0.188,43.0,0.667,3.0,35.6
2022-04-19 16:25:40,322 ms,0.154,18.8,1.52,712,0.188,43.0,0.667,3.0,35.6
2022-04-19 16:25:42,265 ms,0.154,18.8,1.52,712,0.188,43.0,0.333,3.0,35.6
2022-04-19 16:25:44,250 ms,0.154,18.8,1.45,712,0.188,43.0,0.333,3.0,35.6
2022-04-19 16:25:45,250 ms,0.207,27.6,1.45,734,0.276,46.0,0.333,3.0,36.7
2022-04-19 16:25:46,255 ms,0.207,27.6,1.52,734,0.276,46.0,0.333,3.0,36.7
2022-04-19 16:25:48,255 ms,0.207,27.6,1.48,734,0.276,46.0,0.0,3.0,36.7
2022-04-19 16:25:50,288 ms,0.207,27.6,1.52,734,0.276,46.0,0.667,3.0,36.7
2022-04-19 16:25:52,294 ms,0.207,27.6,1.52,734,0.276,46.0,0.333,3.0,36.7
2022-04-19 16:25:54,294 ms,0.207,27.6,1.52,734,0.276,46.0,1.0,3.0,36.7
2022-04-19 16:25:56,305 ms,0.207,27.6,1.38,734,0.276,46.0,0.667,3.0,36.7
2022-04-19 16:25:58,314 ms,0.207,27.6,1.34,734,0.276,46.0,0.333,3.0,36.7
2022-04-19 16:26:00,314 ms,0.207,27.6,1.45,734,0.276,43.0,1.0,3.0,36.7
2022-04-19 16:26:02,325 ms,0.207,27.6,1.41,734,0.276,43.0,0.667,3.0,36.7
2022-04-19 16:26:04,336 ms,0.207,27.6,1.34,734,0.276,43.0,0.333,3.0,36.7
2022-04-19 16:26:06,336 ms,0.207,27.6,1.24,734,0.276,43.0,0.333,3.0,36.7
2022-04-19 16:26:08,327 ms,0.207,27.6,1.31,734,0.276,43.0,0.333,3.0,36.7
2022-04-19 16:26:10,273 ms,0.207,27.6,1.28,734,0.276,43.0,0.0,3.0,36.7
2022-04-19 16:26:12,279 ms,0.207,27.6,1.28,734,0.276,43.0,0.333,3.0,36.7
2022-04-19 16:26:14,359 ms,0.207,27.6,1.28,734,0.276,43.0,0.0,3.0,36.7
2022-04-19 16:26:15,359 ms,0.216,24.2,1.28,673,0.242,40.0,0.0,3.0,33.7
2022-04-19 16:26:16,499 ms,0.216,24.2,1.31,673,0.242,40.0,0.333,3.0,33.7
2022-04-19 16:26:18,556 ms,0.216,24.2,1.34,673,0.242,40.0,0.0,3.0,33.7
2022-04-19 16:26:20,496 ms,0.216,24.2,1.31,673,0.242,40.0,0.0,3.0,33.7
2022-04-19 16:26:22,496 ms,0.216,24.2,1.24,673,0.242,40.0,0.0,3.0,33.7
2022-04-19 16:26:24,363 ms,0.216,24.2,1.24,673,0.242,40.0,0.333,3.0,33.7
2022-04-19 16:26:26,254 ms,0.216,24.2,1.24,673,0.242,40.0,0.667,3.0,33.7
2022-04-19 16:26:28,242 ms,0.216,24.2,1.24,673,0.242,40.0,0.667,3.0,33.7
2022-04-19 16:26:30,265 ms,0.216,24.2,1.24,673,0.242,37.0,0.333,3.0,33.7
2022-04-19 16:26:32,263 ms,0.216,24.2,1.24,673,0.242,37.0,0.333,3.0,33.7
2022-04-19 16:26:34,286 ms,0.216,24.2,1.34,673,0.242,37.0,0.333,3.0,33.7
2022-04-19 16:26:36,300 ms,0.216,24.2,1.31,673,0.242,37.0,1.0,3.0,33.7
2022-04-19 16:26:38,335 ms,0.216,24.2,1.28,673,0.242,37.0,0.333,3.0,33.7
2022-04-19 16:26:40,355 ms,0.216,24.2,1.31,673,0.242,37.0,0.667,3.0,33.7
2022-04-19 16:26:42,374 ms,0.216,24.2,1.14,673,0.242,37.0,0.0,3.0,33.7
2022-04-19 16:26:44,365 ms,0.216,24.2,1.07,673,0.242,37.0,0.333,3.0,33.7
2022-04-19 16:26:45,365 ms,0.264,24.2,1.07,667,0.242,34.0,0.333,3.0,33.4
2022-04-19 16:26:46,337 ms,0.264,24.2,1.21,667,0.242,34.0,1.0,3.0,33.4
2022-04-19 16:26:48,281 ms,0.264,24.2,1.21,667,0.242,34.0,0.667,3.0,33.4
2022-04-19 16:26:50,263 ms,0.264,24.2,1.38,667,0.242,34.0,0.667,3.0,33.4
2022-04-19 16:26:52,265 ms,0.264,24.2,1.38,667,0.242,34.0,0.333,3.0,33.4
2022-04-19 16:26:54,304 ms,0.264,24.2,1.45,667,0.242,34.0,1.0,3.0,33.4
2022-04-19 16:26:56,316 ms,0.264,24.2,1.41,667,0.242,34.0,0.0,3.0,33.4
2022-04-19 16:26:58,326 ms,0.264,24.2,1.38,667,0.242,34.0,0.667,3.0,33.4
2022-04-19 16:27:00,320 ms,0.264,24.2,1.41,667,0.242,42.0,0.333,3.0,33.4
2022-04-19 16:27:02,304 ms,0.264,24.2,1.34,667,0.242,42.0,0.333,3.0,33.4
2022-04-19 16:27:04,406 ms,0.264,24.2,1.34,667,0.242,42.0,0.333,3.0,33.4
2022-04-19 16:27:06,604 ms,0.264,24.2,1.34,667,0.242,42.0,1.0,3.0,33.4
2022-04-19 16:27:08,603 ms,0.264,24.2,1.34,667,0.242,42.0,0.333,3.0,33.4
2022-04-19 16:27:10,564 ms,0.264,24.2,1.34,667,0.242,42.0,0.333,3.0,33.4
2022-04-19 16:27:12,496 ms,0.264,24.2,1.48,667,0.242,42.0,0.667,3.0,33.4
2022-04-19 16:27:14,398 ms,0.264,24.2,1.38,667,0.242,42.0,0.0,3.0,33.4
2022-04-19 16:27:15,398 ms,0.179,20.5,1.38,673,0.205,41.0,0.0,3.0,33.7
2022-04-19 16:27:16,274 ms,0.179,20.5,1.45,673,0.205,41.0,0.667,3.0,33.7
2022-04-19 16:27:18,276 ms,0.179,20.5,1.38,673,0.205,41.0,0.667,3.0,33.7
2022-04-19 16:27:20,282 ms,0.179,20.5,1.41,673,0.205,41.0,1.0,3.0,33.7
2022-04-19 16:27:22,277 ms,0.179,20.5,1.34,673,0.205,41.0,0.0,3.0,33.7
2022-04-19 16:27:24,406 ms,0.179,20.5,1.41,673,0.205,41.0,1.0,3.0,33.7
2022-04-19 16:27:26,422 ms,0.179,20.5,1.45,673,0.205,41.0,0.0,3.0,33.7
2022-04-19 16:27:28,432 ms,0.179,20.5,1.38,673,0.205,41.0,0.333,3.0,33.7
2022-04-19 16:27:30,460 ms,0.179,20.5,1.38,673,0.205,41.0,0.333,3.0,33.7
2022-04-19 16:27:32,547 ms,0.179,20.5,1.48,673,0.205,41.0,0.0,3.0,33.7
2022-04-19 16:27:34,394 ms,0.179,20.5,1.45,673,0.205,41.0,0.333,3.0,33.7
2022-04-19 16:27:36,413 ms,0.179,20.5,1.38,673,0.205,41.0,0.0,3.0,33.7
2022-04-19 16:27:38,377 ms,0.179,20.5,1.52,673,0.205,41.0,1.33,3.0,33.7
2022-04-19 16:27:40,278 ms,0.179,20.5,1.48,673,0.205,41.0,0.333,3.0,33.7
2022-04-19 16:27:42,281 ms,0.179,20.5,1.48,673,0.205,41.0,0.667,3.0,33.7
2022-04-19 16:27:44,277 ms,0.179,20.5,1.45,673,0.205,41.0,0.333,3.0,33.7
2022-04-19 16:27:45,277 ms,0.387,30.9,1.45,749,0.309,44.0,0.333,3.0,37.5
2022-04-19 16:27:46,286 ms,0.387,30.9,1.48,749,0.309,44.0,0.333,3.0,37.5
2022-04-19 16:27:48,302 ms,0.387,30.9,1.48,749,0.309,44.0,0.333,3.0,37.5
2022-04-19 16:27:50,301 ms,0.387,30.9,1.38,749,0.309,44.0,0.0,3.0,37.5
2022-04-19 16:27:52,323 ms,0.387,30.9,1.31,749,0.309,44.0,0.0,3.0,37.5
2022-04-19 16:27:54,364 ms,0.387,30.9,1.17,749,0.309,44.0,0.0,3.0,37.5
2022-04-19 16:27:56,308 ms,0.387,30.9,1.24,749,0.309,44.0,0.333,3.0,37.5
2022-04-19 16:27:58,291 ms,0.387,30.9,1.28,749,0.309,44.0,0.665,3.0,37.5
2022-04-19 16:28:00,336 ms,0.387,30.9,1.24,749,0.309,37.0,1.0,3.0,37.5
2022-04-19 16:28:02,315 ms,0.387,30.9,1.31,749,0.309,37.0,0.667,3.0,37.5
2022-04-19 16:28:04,330 ms,0.387,30.9,1.28,749,0.309,37.0,0.333,3.0,37.5
2022-04-19 16:28:06,330 ms,0.387,30.9,1.31,749,0.309,37.0,1.0,3.0,37.5
2022-04-19 16:28:08,331 ms,0.387,30.9,1.14,749,0.309,37.0,0.0,3.0,37.5
2022-04-19 16:28:10,286 ms,0.387,30.9,1.21,749,0.309,37.0,0.667,3.0,37.5
2022-04-19 16:28:12,285 ms,0.387,30.9,1.24,749,0.309,37.0,0.997,3.0,37.5
2022-04-19 16:28:14,306 ms,0.387,30.9,1.24,749,0.309,37.0,0.667,3.0,37.5
2022-04-19 16:28:15,306 ms,0.193,19.8,1.24,596,0.198,37.0,0.667,3.0,29.8
2022-04-19 16:28:16,351 ms,0.193,19.8,1.21,596,0.198,37.0,0.333,3.0,29.8
2022-04-19 16:28:18,350 ms,0.193,19.8,1.21,596,0.198,37.0,0.333,3.0,29.8
2022-04-19 16:28:20,328 ms,0.193,19.8,1.34,596,0.198,37.0,1.0,3.0,29.8
2022-04-19 16:28:22,322 ms,0.193,19.8,1.34,596,0.198,37.0,0.0,3.0,29.8
2022-04-19 16:28:24,309 ms,0.193,19.8,1.41,596,0.198,37.0,1.0,3.0,29.8
2022-04-19 16:28:26,312 ms,0.193,19.8,1.48,596,0.198,37.0,0.667,3.0,29.8
2022-04-19 16:28:28,328 ms,0.193,19.8,1.45,596,0.198,37.0,0.333,3.0,29.8
2022-04-19 16:28:30,319 ms,0.193,19.8,1.48,596,0.198,44.0,0.667,3.0,29.8
2022-04-19 16:28:32,330 ms,0.193,19.8,1.48,596,0.198,44.0,0.333,3.0,29.8
2022-04-19 16:28:34,373 ms,0.193,19.8,1.62,596,0.198,44.0,1.33,3.0,29.8
2022-04-19 16:28:36,345 ms,0.193,19.8,1.69,596,0.198,44.0,0.667,3.0,29.8
2022-04-19 16:28:38,314 ms,0.193,19.8,1.72,596,0.198,44.0,0.333,3.0,29.8
2022-04-19 16:28:40,339 ms,0.193,19.8,1.69,596,0.198,44.0,0.333,3.0,29.8
2022-04-19 16:28:42,324 ms,0.193,19.8,1.62,596,0.198,44.0,0.0,3.0,29.8
2022-04-19 16:28:44,276 ms,0.193,19.8,1.55,596,0.198,44.0,0.333,3.0,29.8
2022-04-19 16:28:45,276 ms,0.269,30.6,1.55,669,0.306,48.0,0.333,3.0,33.5
2022-04-19 16:28:46,273 ms,0.269,30.6,1.59,669,0.306,48.0,0.333,3.0,33.5
2022-04-19 16:28:48,284 ms,0.269,30.6,1.59,669,0.306,48.0,0.333,3.0,33.5
2022-04-19 16:28:50,251 ms,0.269,30.6,1.52,669,0.306,48.0,0.0,3.0,33.5
2022-04-19 16:28:52,254 ms,0.269,30.6,1.55,669,0.306,48.0,0.333,3.0,33.5
2022-04-19 16:28:54,377 ms,0.269,30.6,1.59,669,0.306,48.0,1.33,3.0,33.5
2022-04-19 16:28:56,465 ms,0.269,30.6,1.59,669,0.306,48.0,0.333,3.0,33.5
2022-04-19 16:28:58,443 ms,0.269,30.6,1.62,669,0.306,48.0,1.0,3.0,33.5
2022-04-19 16:29:00,435 ms,0.269,30.6,1.69,669,0.306,51.0,0.667,3.0,33.5
2022-04-19 16:29:02,439 ms,0.269,30.6,1.69,669,0.306,51.0,0.667,3.0,33.5
2022-04-19 16:29:04,351 ms,0.269,30.6,1.55,669,0.306,51.0,0.667,3.0,33.5
2022-04-19 16:29:06,361 ms,0.269,30.6,1.55,669,0.306,51.0,0.333,3.0,33.5
2022-04-19 16:29:08,425 ms,0.269,30.6,1.59,669,0.306,51.0,0.667,3.0,33.5
2022-04-19 16:29:10,404 ms,0.269,30.6,1.52,669,0.306,51.0,0.333,3.0,33.5
2022-04-19 16:29:12,404 ms,0.269,30.6,1.59,669,0.306,51.0,0.333,3.0,33.5
2022-04-19 16:29:14,319 ms,0.269,30.6,1.66,669,0.306,51.0,1.0,3.0,33.5
2022-04-19 16:29:15,319 ms,0.266,26.2,1.66,638,0.262,50.0,1.0,3.0,31.9
2022-04-19 16:29:16,280 ms,0.266,26.2,1.69,638,0.262,50.0,1.0,3.0,31.9
2022-04-19 16:29:18,293 ms,0.266,26.2,1.69,638,0.262,50.0,0.0,3.0,31.9
2022-04-19 16:29:20,301 ms,0.266,26.2,1.76,638,0.262,50.0,0.667,3.0,31.9
2022-04-19 16:29:22,307 ms,0.266,26.2,1.76,638,0.262,50.0,0.0,3.0,31.9
2022-04-19 16:29:24,312 ms,0.266,26.2,1.66,638,0.262,50.0,0.333,3.0,31.9
2022-04-19 16:29:26,291 ms,0.266,26.2,1.62,638,0.262,50.0,0.667,3.0,31.9
2022-04-19 16:29:28,307 ms,0.266,26.2,1.52,638,0.262,50.0,0.667,3.0,31.9
2022-04-19 16:29:30,272 ms,0.266,26.2,1.62,638,0.262,49.0,0.333,3.0,31.9
2022-04-19 16:29:32,271 ms,0.266,26.2,1.62,638,0.262,49.0,0.667,3.0,31.9
2022-04-19 16:29:34,272 ms,0.266,26.2,1.55,638,0.262,49.0,0.333,3.0,31.9
2022-04-19 16:29:36,280 ms,0.266,26.2,1.52,638,0.262,49.0,0.0,3.0,31.9
2022-04-19 16:29:38,262 ms,0.266,26.2,1.48,638,0.262,49.0,0.667,3.0,31.9
2022-04-19 16:29:40,272 ms,0.266,26.2,1.41,638,0.262,49.0,0.0,3.0,31.9
2022-04-19 16:29:42,335 ms,0.266,26.2,1.45,638,0.262,49.0,0.667,3.0,31.9
2022-04-19 16:29:44,374 ms,0.266,26.2,1.45,638,0.262,49.0,0.667,3.0,31.9
2022-04-19 16:29:45,374 ms,0.239,27.0,1.45,589,0.27,42.0,0.667,3.0,29.5
2022-04-19 16:29:46,336 ms,0.239,27.0,1.34,589,0.27,42.0,0.333,3.0,29.5
2022-04-19 16:29:48,352 ms,0.239,27.0,1.41,589,0.27,42.0,0.333,3.0,29.5
2022-04-19 16:29:50,360 ms,0.239,27.0,1.28,589,0.27,42.0,0.0,3.0,29.5
2022-04-19 16:29:52,262 ms,0.239,27.0,1.28,589,0.27,42.0,0.0,3.0,29.5
2022-04-19 16:29:54,312 ms,0.239,27.0,1.34,589,0.27,42.0,0.0,3.0,29.5
2022-04-19 16:29:56,298 ms,0.239,27.0,1.34,589,0.27,42.0,0.667,3.0,29.5
2022-04-19 16:29:58,320 ms,0.239,27.0,1.34,589,0.27,42.0,1.0,3.0,29.5
2022-04-19 16:30:00,326 ms,0.239,27.0,1.31,589,0.27,39.0,0.333,3.0,29.5
2022-04-19 16:30:02,285 ms,0.239,27.0,1.31,589,0.27,39.0,0.333,3.0,29.5
2022-04-19 16:30:04,289 ms,0.239,27.0,1.24,589,0.27,39.0,0.0,3.0,29.5
2022-04-19 16:30:06,268 ms,0.239,27.0,1.34,589,0.27,39.0,0.667,3.0,29.5
2022-04-19 16:30:08,290 ms,0.239,27.0,1.38,589,0.27,39.0,0.667,3.0,29.5
2022-04-19 16:30:10,290 ms,0.239,27.0,1.31,589,0.27,39.0,0.0,3.0,29.5
2022-04-19 16:30:12,517 ms,0.239,27.0,1.24,589,0.27,39.0,0.0,3.0,29.5
