"Time","Average Response Rate","edge-server-cv-74d975f7cd-h8kdk Response","edge-server-cv-74d975f7cd-mqhqf Response"
2022-04-18 17:15:06,353 ms,454 ms,253 ms
2022-04-18 17:15:08,355 ms,454 ms,257 ms
2022-04-18 17:15:10,355 ms,451 ms,258 ms
2022-04-18 17:15:12,329 ms,348 ms,310 ms
2022-04-18 17:15:14,282 ms,263 ms,302 ms
2022-04-18 17:15:16,283 ms,258 ms,309 ms
2022-04-18 17:15:18,289 ms,258 ms,321 ms
2022-04-18 17:15:20,285 ms,266 ms,304 ms
2022-04-18 17:15:22,262 ms,260 ms,264 ms
2022-04-18 17:15:24,259 ms,253 ms,265 ms
2022-04-18 17:15:26,258 ms,260 ms,257 ms
2022-04-18 17:15:28,258 ms,260 ms,257 ms
2022-04-18 17:15:30,262 ms,259 ms,265 ms
2022-04-18 17:15:32,271 ms,267 ms,276 ms
2022-04-18 17:15:34,276 ms,274 ms,278 ms
2022-04-18 17:15:36,262 ms,247 ms,278 ms
2022-04-18 17:15:38,266 ms,249 ms,283 ms
2022-04-18 17:15:40,279 ms,281 ms,278 ms
2022-04-18 17:15:42,265 ms,275 ms,255 ms
2022-04-18 17:15:44,318 ms,285 ms,352 ms
2022-04-18 17:15:46,333 ms,313 ms,352 ms
2022-04-18 17:15:48,321 ms,291 ms,352 ms
2022-04-18 17:15:50,340 ms,231 ms,449 ms
2022-04-18 17:15:52,348 ms,247 ms,449 ms
2022-04-18 17:15:54,324 ms,248 ms,399 ms
2022-04-18 17:15:56,330 ms,260 ms,399 ms
2022-04-18 17:15:58,312 ms,259 ms,365 ms
2022-04-18 17:16:00,272 ms,264 ms,281 ms
2022-04-18 17:16:02,349 ms,406 ms,291 ms
2022-04-18 17:16:04,350 ms,409 ms,290 ms
2022-04-18 17:16:06,356 ms,421 ms,291 ms
2022-04-18 17:16:08,338 ms,379 ms,296 ms
2022-04-18 17:16:10,280 ms,271 ms,289 ms
2022-04-18 17:16:12,270 ms,260 ms,280 ms
2022-04-18 17:16:14,269 ms,260 ms,279 ms
2022-04-18 17:16:16,323 ms,256 ms,390 ms
2022-04-18 17:16:18,312 ms,234 ms,390 ms
2022-04-18 17:16:20,317 ms,264 ms,370 ms
2022-04-18 17:16:22,333 ms,264 ms,401 ms
2022-04-18 17:16:24,277 ms,264 ms,289 ms
2022-04-18 17:16:26,271 ms,254 ms,289 ms
2022-04-18 17:16:28,268 ms,254 ms,282 ms
2022-04-18 17:16:30,286 ms,259 ms,314 ms
2022-04-18 17:16:32,277 ms,259 ms,296 ms
2022-04-18 17:16:34,276 ms,268 ms,284 ms
2022-04-18 17:16:36,255 ms,226 ms,284 ms
2022-04-18 17:16:38,250 ms,230 ms,270 ms
2022-04-18 17:16:40,495 ms,749 ms,240 ms
2022-04-18 17:16:42,508 ms,749 ms,267 ms
2022-04-18 17:16:44,552 ms,829 ms,276 ms
2022-04-18 17:16:46,552 ms,791 ms,313 ms
2022-04-18 17:16:48,462 ms,627 ms,298 ms
2022-04-18 17:16:50,279 ms,305 ms,254 ms
2022-04-18 17:16:52,268 ms,301 ms,236 ms
2022-04-18 17:16:54,256 ms,281 ms,232 ms
2022-04-18 17:16:56,258 ms,287 ms,229 ms
2022-04-18 17:16:58,300 ms,326 ms,274 ms
2022-04-18 17:17:00,306 ms,342 ms,269 ms
2022-04-18 17:17:02,321 ms,373 ms,268 ms
2022-04-18 17:17:04,376 ms,485 ms,268 ms
2022-04-18 17:17:06,322 ms,373 ms,271 ms
2022-04-18 17:17:08,361 ms,368 ms,355 ms
2022-04-18 17:17:10,376 ms,344 ms,408 ms
2022-04-18 17:17:12,344 ms,326 ms,363 ms
2022-04-18 17:17:14,320 ms,326 ms,313 ms
2022-04-18 17:17:16,257 ms,263 ms,250 ms
2022-04-18 17:17:18,252 ms,255 ms,250 ms
2022-04-18 17:17:20,242 ms,245 ms,239 ms
2022-04-18 17:17:22,234 ms,236 ms,232 ms
2022-04-18 17:17:24,229 ms,236 ms,222 ms
2022-04-18 17:17:26,229 ms,236 ms,222 ms
2022-04-18 17:17:28,,,459 ms
2022-04-18 17:17:30,484 ms,466 ms,503 ms
2022-04-18 17:17:32,492 ms,466 ms,518 ms
2022-04-18 17:17:34,397 ms,372 ms,421 ms
2022-04-18 17:17:36,377 ms,334 ms,421 ms
2022-04-18 17:17:38,315 ms,314 ms,316 ms
2022-04-18 17:17:40,268 ms,257 ms,279 ms
2022-04-18 17:17:42,276 ms,264 ms,289 ms
2022-04-18 17:17:44,289 ms,262 ms,316 ms
2022-04-18 17:17:46,319 ms,239 ms,399 ms
2022-04-18 17:17:48,314 ms,229 ms,399 ms
2022-04-18 17:17:50,249 ms,219 ms,278 ms
2022-04-18 17:17:52,251 ms,223 ms,278 ms
2022-04-18 17:17:54,283 ms,228 ms,337 ms
2022-04-18 17:17:56,308 ms,249 ms,367 ms
2022-04-18 17:17:58,308 ms,249 ms,367 ms
2022-04-18 17:18:00,309 ms,266 ms,352 ms
2022-04-18 17:18:02,309 ms,245 ms,373 ms
2022-04-18 17:18:04,298 ms,254 ms,343 ms
2022-04-18 17:18:06,304 ms,264 ms,343 ms
2022-04-18 17:18:08,325 ms,264 ms,386 ms
2022-04-18 17:18:10,272 ms,274 ms,269 ms
2022-04-18 17:18:12,268 ms,274 ms,263 ms
2022-04-18 17:18:14,275 ms,290 ms,261 ms
2022-04-18 17:18:16,278 ms,294 ms,261 ms
2022-04-18 17:18:18,318 ms,373 ms,262 ms
2022-04-18 17:18:20,289 ms,328 ms,249 ms
2022-04-18 17:18:22,283 ms,317 ms,249 ms
2022-04-18 17:18:24,274 ms,307 ms,242 ms
2022-04-18 17:18:26,281 ms,320 ms,242 ms
2022-04-18 17:18:28,276 ms,254 ms,299 ms
2022-04-18 17:18:30,287 ms,245 ms,329 ms
2022-04-18 17:18:32,298 ms,250 ms,347 ms
2022-04-18 17:18:34,302 ms,250 ms,354 ms
2022-04-18 17:18:36,322 ms,257 ms,387 ms
2022-04-18 17:18:38,314 ms,275 ms,353 ms
2022-04-18 17:18:40,266 ms,275 ms,258 ms
2022-04-18 17:18:42,,264 ms,
2022-04-18 17:18:44,,262 ms,
2022-04-18 17:18:46,299 ms,303 ms,296 ms
2022-04-18 17:18:48,282 ms,290 ms,274 ms
2022-04-18 17:18:50,289 ms,304 ms,274 ms
2022-04-18 17:18:52,284 ms,294 ms,274 ms
2022-04-18 17:18:54,263 ms,253 ms,274 ms
2022-04-18 17:18:56,259 ms,266 ms,252 ms
2022-04-18 17:18:58,257 ms,249 ms,265 ms
2022-04-18 17:19:00,,,256 ms
2022-04-18 17:19:02,282 ms,281 ms,282 ms
2022-04-18 17:19:04,279 ms,281 ms,278 ms
2022-04-18 17:19:06,278 ms,281 ms,275 ms
2022-04-18 17:19:08,263 ms,263 ms,263 ms
2022-04-18 17:19:10,264 ms,267 ms,260 ms
2022-04-18 17:19:12,318 ms,353 ms,282 ms
2022-04-18 17:19:14,349 ms,421 ms,277 ms
2022-04-18 17:19:16,380 ms,469 ms,292 ms
2022-04-18 17:19:18,376 ms,460 ms,292 ms
2022-04-18 17:19:20,366 ms,476 ms,256 ms
2022-04-18 17:19:22,388 ms,454 ms,322 ms
2022-04-18 17:19:24,386 ms,413 ms,359 ms
2022-04-18 17:19:26,369 ms,379 ms,359 ms
2022-04-18 17:19:28,355 ms,398 ms,313 ms
2022-04-18 17:19:30,293 ms,274 ms,313 ms
2022-04-18 17:19:32,272 ms,274 ms,271 ms
2022-04-18 17:19:34,271 ms,271 ms,271 ms
2022-04-18 17:19:36,333 ms,271 ms,395 ms
2022-04-18 17:19:38,276 ms,171 ms,380 ms
2022-04-18 17:19:40,281 ms,171 ms,392 ms
2022-04-18 17:19:42,319 ms,209 ms,428 ms
2022-04-18 17:19:44,416 ms,418 ms,414 ms
2022-04-18 17:19:46,313 ms,393 ms,234 ms
2022-04-18 17:19:48,362 ms,437 ms,288 ms
2022-04-18 17:19:50,355 ms,429 ms,280 ms
2022-04-18 17:19:52,259 ms,236 ms,282 ms
2022-04-18 17:19:54,263 ms,208 ms,318 ms
2022-04-18 17:19:56,365 ms,391 ms,339 ms
2022-04-18 17:19:58,333 ms,357 ms,308 ms
2022-04-18 17:20:00,361 ms,407 ms,314 ms
2022-04-18 17:20:02,355 ms,407 ms,304 ms
2022-04-18 17:20:04,374 ms,377 ms,371 ms
2022-04-18 17:20:06,342 ms,271 ms,413 ms
2022-04-18 17:20:08,329 ms,265 ms,392 ms
2022-04-18 17:20:10,318 ms,261 ms,376 ms
2022-04-18 17:20:12,279 ms,249 ms,310 ms
2022-04-18 17:20:14,373 ms,445 ms,302 ms
2022-04-18 17:20:16,402 ms,545 ms,259 ms
2022-04-18 17:20:18,575 ms,836 ms,314 ms
2022-04-18 17:20:20,584 ms,836 ms,332 ms
2022-04-18 17:20:22,,,379 ms
2022-04-18 17:20:24,325 ms,271 ms,379 ms
2022-04-18 17:20:26,271 ms,271 ms,270 ms
2022-04-18 17:20:28,335 ms,400 ms,270 ms
2022-04-18 17:20:30,323 ms,380 ms,266 ms
2022-04-18 17:20:32,310 ms,361 ms,259 ms
2022-04-18 17:20:34,302 ms,358 ms,246 ms
2022-04-18 17:20:36,337 ms,430 ms,244 ms
2022-04-18 17:20:38,343 ms,442 ms,244 ms
2022-04-18 17:20:40,331 ms,429 ms,234 ms
2022-04-18 17:20:42,331 ms,436 ms,226 ms
2022-04-18 17:20:44,346 ms,369 ms,322 ms
2022-04-18 17:20:46,323 ms,369 ms,276 ms
2022-04-18 17:20:48,331 ms,385 ms,276 ms
2022-04-18 17:20:50,311 ms,346 ms,276 ms
2022-04-18 17:20:52,252 ms,264 ms,241 ms
2022-04-18 17:20:54,290 ms,326 ms,253 ms
2022-04-18 17:20:56,320 ms,326 ms,315 ms
2022-04-18 17:20:58,325 ms,328 ms,323 ms
2022-04-18 17:21:00,329 ms,330 ms,329 ms
2022-04-18 17:21:02,285 ms,269 ms,301 ms
2022-04-18 17:21:04,278 ms,263 ms,294 ms
2022-04-18 17:21:06,260 ms,263 ms,256 ms
2022-04-18 17:21:08,343 ms,261 ms,424 ms
2022-04-18 17:21:10,513 ms,290 ms,735 ms
2022-04-18 17:21:12,582 ms,298 ms,867 ms
2022-04-18 17:21:14,606 ms,416 ms,797 ms
2022-04-18 17:21:16,628 ms,381 ms,876 ms
2022-04-18 17:21:18,369 ms,363 ms,376 ms
2022-04-18 17:21:20,391 ms,354 ms,428 ms
2022-04-18 17:21:22,358 ms,354 ms,362 ms
2022-04-18 17:21:24,318 ms,369 ms,268 ms
2022-04-18 17:21:26,,575 ms,
2022-04-18 17:21:28,554 ms,556 ms,551 ms
2022-04-18 17:21:30,555 ms,559 ms,551 ms
2022-04-18 17:21:32,512 ms,545 ms,478 ms
2022-04-18 17:21:34,484 ms,490 ms,478 ms
2022-04-18 17:21:36,514 ms,383 ms,645 ms
2022-04-18 17:21:38,495 ms,408 ms,582 ms
2022-04-18 17:21:40,545 ms,402 ms,689 ms
2022-04-18 17:21:42,468 ms,247 ms,689 ms
2022-04-18 17:21:44,280 ms,313 ms,247 ms
2022-04-18 17:21:46,283 ms,313 ms,254 ms
2022-04-18 17:21:48,323 ms,400 ms,247 ms
2022-04-18 17:21:50,297 ms,345 ms,250 ms
2022-04-18 17:21:52,290 ms,331 ms,250 ms
2022-04-18 17:21:54,297 ms,331 ms,263 ms
2022-04-18 17:21:56,291 ms,317 ms,265 ms
2022-04-18 17:21:58,274 ms,278 ms,271 ms
2022-04-18 17:22:00,436 ms,273 ms,600 ms
2022-04-18 17:22:02,489 ms,260 ms,717 ms
2022-04-18 17:22:04,466 ms,290 ms,642 ms
2022-04-18 17:22:06,469 ms,345 ms,593 ms
2022-04-18 17:22:08,501 ms,409 ms,593 ms
2022-04-18 17:22:10,345 ms,408 ms,282 ms
2022-04-18 17:22:12,314 ms,363 ms,265 ms
2022-04-18 17:22:14,286 ms,326 ms,246 ms
2022-04-18 17:22:16,239 ms,237 ms,242 ms
2022-04-18 17:22:18,241 ms,228 ms,254 ms
2022-04-18 17:22:20,238 ms,222 ms,254 ms
2022-04-18 17:22:22,,,275 ms
2022-04-18 17:22:24,263 ms,256 ms,271 ms
2022-04-18 17:22:26,335 ms,256 ms,414 ms
2022-04-18 17:22:28,401 ms,320 ms,482 ms
2022-04-18 17:22:30,383 ms,299 ms,468 ms
2022-04-18 17:22:32,390 ms,312 ms,468 ms
2022-04-18 17:22:34,380 ms,297 ms,463 ms
2022-04-18 17:22:36,282 ms,265 ms,298 ms
2022-04-18 17:22:38,274 ms,265 ms,283 ms
2022-04-18 17:22:40,250 ms,264 ms,236 ms
2022-04-18 17:22:42,293 ms,262 ms,324 ms
2022-04-18 17:22:44,340 ms,259 ms,422 ms
2022-04-18 17:22:46,369 ms,263 ms,474 ms
2022-04-18 17:22:48,357 ms,263 ms,451 ms
2022-04-18 17:22:50,336 ms,247 ms,426 ms
2022-04-18 17:22:52,348 ms,240 ms,456 ms
2022-04-18 17:22:54,374 ms,252 ms,497 ms
2022-04-18 17:22:56,366 ms,252 ms,480 ms
2022-04-18 17:22:58,380 ms,253 ms,507 ms
2022-04-18 17:23:00,530 ms,517 ms,543 ms
2022-04-18 17:23:02,439 ms,517 ms,361 ms
2022-04-18 17:23:04,443 ms,638 ms,248 ms
2022-04-18 17:23:06,445 ms,638 ms,252 ms
2022-04-18 17:23:08,242 ms,225 ms,260 ms
2022-04-18 17:23:10,279 ms,283 ms,275 ms
2022-04-18 17:23:12,302 ms,353 ms,251 ms
2022-04-18 17:23:14,315 ms,321 ms,308 ms
2022-04-18 17:23:16,327 ms,340 ms,315 ms
2022-04-18 17:23:18,331 ms,340 ms,323 ms
2022-04-18 17:23:20,381 ms,455 ms,307 ms
2022-04-18 17:23:22,355 ms,360 ms,350 ms
2022-04-18 17:23:24,281 ms,334 ms,229 ms
2022-04-18 17:23:26,275 ms,322 ms,229 ms
2022-04-18 17:23:28,260 ms,249 ms,270 ms
2022-04-18 17:23:30,258 ms,243 ms,274 ms
2022-04-18 17:23:32,282 ms,247 ms,317 ms
2022-04-18 17:23:34,364 ms,411 ms,317 ms
2022-04-18 17:23:36,356 ms,411 ms,301 ms
2022-04-18 17:23:38,381 ms,443 ms,318 ms
2022-04-18 17:23:40,364 ms,443 ms,285 ms
2022-04-18 17:23:42,308 ms,365 ms,251 ms
2022-04-18 17:23:44,275 ms,230 ms,319 ms
2022-04-18 17:23:46,275 ms,231 ms,319 ms
2022-04-18 17:23:48,298 ms,277 ms,319 ms
2022-04-18 17:23:50,289 ms,266 ms,311 ms
2022-04-18 17:23:52,271 ms,278 ms,263 ms
2022-04-18 17:23:54,246 ms,275 ms,216 ms
2022-04-18 17:23:56,225 ms,233 ms,216 ms
2022-04-18 17:23:58,229 ms,239 ms,218 ms
2022-04-18 17:24:00,224 ms,249 ms,199 ms
2022-04-18 17:24:02,243 ms,257 ms,229 ms
2022-04-18 17:24:04,266 ms,304 ms,229 ms
2022-04-18 17:24:06,,364 ms,
2022-04-18 17:24:08,288 ms,339 ms,238 ms
2022-04-18 17:24:10,287 ms,332 ms,242 ms
2022-04-18 17:24:12,280 ms,317 ms,243 ms
2022-04-18 17:24:14,261 ms,280 ms,243 ms
2022-04-18 17:24:16,289 ms,337 ms,242 ms
2022-04-18 17:24:18,297 ms,353 ms,240 ms
2022-04-18 17:24:20,298 ms,359 ms,238 ms
2022-04-18 17:24:22,297 ms,356 ms,238 ms
2022-04-18 17:24:24,300 ms,363 ms,238 ms
2022-04-18 17:24:26,284 ms,339 ms,228 ms
2022-04-18 17:24:28,295 ms,360 ms,231 ms
2022-04-18 17:24:30,254 ms,277 ms,231 ms
2022-04-18 17:24:32,256 ms,277 ms,235 ms
2022-04-18 17:24:34,444 ms,631 ms,257 ms
2022-04-18 17:24:36,452 ms,536 ms,367 ms
2022-04-18 17:24:38,425 ms,482 ms,367 ms
2022-04-18 17:24:40,463 ms,465 ms,462 ms
2022-04-18 17:24:42,376 ms,283 ms,468 ms
2022-04-18 17:24:44,364 ms,264 ms,464 ms
2022-04-18 17:24:46,332 ms,267 ms,398 ms
2022-04-18 17:24:48,331 ms,267 ms,396 ms
2022-04-18 17:24:50,247 ms,234 ms,261 ms
2022-04-18 17:24:52,264 ms,268 ms,260 ms
2022-04-18 17:24:54,292 ms,294 ms,291 ms
2022-04-18 17:24:56,296 ms,287 ms,305 ms
2022-04-18 17:24:58,293 ms,291 ms,296 ms
2022-04-18 17:25:00,300 ms,272 ms,329 ms
2022-04-18 17:25:02,264 ms,263 ms,264 ms
2022-04-18 17:25:04,303 ms,348 ms,257 ms
2022-04-18 17:25:06,399 ms,541 ms,257 ms
2022-04-18 17:25:08,409 ms,572 ms,246 ms
2022-04-18 17:25:10,437 ms,623 ms,252 ms
2022-04-18 17:25:12,503 ms,757 ms,250 ms
2022-04-18 17:25:14,474 ms,699 ms,250 ms
2022-04-18 17:25:16,320 ms,290 ms,349 ms
2022-04-18 17:25:18,354 ms,273 ms,436 ms
2022-04-18 17:25:20,319 ms,263 ms,375 ms
2022-04-18 17:25:22,288 ms,254 ms,322 ms
2022-04-18 17:25:24,265 ms,281 ms,250 ms
2022-04-18 17:25:26,265 ms,280 ms,250 ms
2022-04-18 17:25:28,301 ms,353 ms,249 ms
2022-04-18 17:25:30,364 ms,479 ms,248 ms
2022-04-18 17:25:32,387 ms,516 ms,257 ms
2022-04-18 17:25:34,387 ms,516 ms,257 ms
2022-04-18 17:25:36,398 ms,510 ms,286 ms
2022-04-18 17:25:38,335 ms,359 ms,310 ms
2022-04-18 17:25:40,287 ms,221 ms,353 ms
2022-04-18 17:25:42,313 ms,234 ms,393 ms
2022-04-18 17:25:44,319 ms,234 ms,404 ms
2022-04-18 17:25:46,327 ms,249 ms,405 ms
2022-04-18 17:25:48,321 ms,280 ms,363 ms
2022-04-18 17:25:50,288 ms,289 ms,287 ms
2022-04-18 17:25:52,307 ms,289 ms,326 ms
2022-04-18 17:25:54,305 ms,295 ms,314 ms
2022-04-18 17:25:56,296 ms,293 ms,299 ms
2022-04-18 17:25:58,289 ms,275 ms,303 ms
2022-04-18 17:26:00,320 ms,275 ms,365 ms
2022-04-18 17:26:02,321 ms,257 ms,384 ms
2022-04-18 17:26:04,336 ms,256 ms,416 ms
2022-04-18 17:26:06,463 ms,549 ms,377 ms
2022-04-18 17:26:08,484 ms,621 ms,347 ms
2022-04-18 17:26:10,469 ms,688 ms,250 ms
2022-04-18 17:26:12,426 ms,602 ms,250 ms
2022-04-18 17:26:14,474 ms,689 ms,258 ms
2022-04-18 17:26:16,317 ms,389 ms,245 ms
2022-04-18 17:26:18,258 ms,269 ms,247 ms
2022-04-18 17:26:20,284 ms,282 ms,287 ms
2022-04-18 17:26:22,288 ms,282 ms,295 ms
2022-04-18 17:26:24,354 ms,419 ms,289 ms
2022-04-18 17:26:26,340 ms,382 ms,298 ms
2022-04-18 17:26:28,337 ms,359 ms,314 ms
2022-04-18 17:26:30,306 ms,348 ms,263 ms
2022-04-18 17:26:32,308 ms,348 ms,268 ms
2022-04-18 17:26:34,392 ms,362 ms,422 ms
2022-04-18 17:26:36,378 ms,377 ms,378 ms
2022-04-18 17:26:38,370 ms,365 ms,376 ms
2022-04-18 17:26:40,382 ms,365 ms,400 ms
2022-04-18 17:26:42,283 ms,260 ms,306 ms
2022-04-18 17:26:44,283 ms,260 ms,306 ms
2022-04-18 17:26:46,275 ms,268 ms,282 ms
2022-04-18 17:26:48,239 ms,279 ms,199 ms
2022-04-18 17:26:50,249 ms,277 ms,220 ms
2022-04-18 17:26:52,248 ms,276 ms,220 ms
2022-04-18 17:26:54,578 ms,323 ms,833 ms
2022-04-18 17:26:56,610 ms,462 ms,759 ms
2022-04-18 17:26:58,580 ms,475 ms,685 ms
2022-04-18 17:27:00,565 ms,445 ms,685 ms
2022-04-18 17:27:02,516 ms,547 ms,485 ms
2022-04-18 17:27:04,423 ms,547 ms,299 ms
2022-04-18 17:27:06,217 ms,232 ms,202 ms
2022-04-18 17:27:08,241 ms,252 ms,230 ms
2022-04-18 17:27:10,246 ms,252 ms,240 ms
2022-04-18 17:27:12,296 ms,345 ms,247 ms
2022-04-18 17:27:14,302 ms,349 ms,256 ms
2022-04-18 17:27:16,364 ms,373 ms,354 ms
2022-04-18 17:27:18,364 ms,373 ms,354 ms
2022-04-18 17:27:20,386 ms,373 ms,398 ms
2022-04-18 17:27:22,344 ms,264 ms,425 ms
2022-04-18 17:27:24,393 ms,348 ms,438 ms
2022-04-18 17:27:26,377 ms,348 ms,407 ms
2022-04-18 17:27:28,,313 ms,
2022-04-18 17:27:30,649 ms,339 ms,959 ms
2022-04-18 17:27:32,518 ms,309 ms,728 ms
2022-04-18 17:27:34,492 ms,368 ms,615 ms
2022-04-18 17:27:36,395 ms,348 ms,442 ms
2022-04-18 17:27:38,412 ms,398 ms,425 ms
2022-04-18 17:27:40,335 ms,399 ms,270 ms
2022-04-18 17:27:42,364 ms,457 ms,271 ms
2022-04-18 17:27:44,354 ms,440 ms,268 ms
2022-04-18 17:27:46,347 ms,436 ms,258 ms
2022-04-18 17:27:48,298 ms,349 ms,247 ms
2022-04-18 17:27:50,299 ms,346 ms,252 ms
2022-04-18 17:27:52,300 ms,332 ms,268 ms
2022-04-18 17:27:54,336 ms,317 ms,354 ms
2022-04-18 17:27:56,325 ms,306 ms,343 ms
2022-04-18 17:27:58,326 ms,307 ms,345 ms
2022-04-18 17:28:00,330 ms,289 ms,371 ms
2022-04-18 17:28:02,317 ms,344 ms,291 ms
2022-04-18 17:28:04,320 ms,358 ms,282 ms
2022-04-18 17:28:06,341 ms,451 ms,232 ms
2022-04-18 17:28:08,360 ms,495 ms,225 ms
2022-04-18 17:28:10,363 ms,495 ms,231 ms
2022-04-18 17:28:12,350 ms,466 ms,235 ms
2022-04-18 17:28:14,418 ms,460 ms,375 ms
2022-04-18 17:28:16,328 ms,243 ms,412 ms
2022-04-18 17:28:18,316 ms,242 ms,391 ms
2022-04-18 17:28:20,318 ms,247 ms,388 ms
2022-04-18 17:28:22,253 ms,249 ms,258 ms
2022-04-18 17:28:24,251 ms,243 ms,259 ms
2022-04-18 17:28:26,266 ms,273 ms,259 ms
2022-04-18 17:28:28,287 ms,317 ms,257 ms
2022-04-18 17:28:30,292 ms,317 ms,266 ms
2022-04-18 17:28:32,423 ms,312 ms,534 ms
2022-04-18 17:28:34,535 ms,332 ms,737 ms
2022-04-18 17:28:36,505 ms,273 ms,737 ms
2022-04-18 17:28:38,490 ms,243 ms,737 ms
2022-04-18 17:28:40,557 ms,310 ms,804 ms
2022-04-18 17:28:42,376 ms,305 ms,448 ms
2022-04-18 17:28:44,402 ms,299 ms,504 ms
2022-04-18 17:28:46,408 ms,313 ms,504 ms
2022-04-18 17:28:48,378 ms,313 ms,442 ms
2022-04-18 17:28:50,294 ms,275 ms,313 ms
2022-04-18 17:28:52,314 ms,290 ms,339 ms
2022-04-18 17:28:54,334 ms,306 ms,363 ms
2022-04-18 17:28:56,353 ms,322 ms,383 ms
2022-04-18 17:28:58,343 ms,306 ms,380 ms
2022-04-18 17:29:00,340 ms,306 ms,373 ms
2022-04-18 17:29:02,305 ms,270 ms,341 ms
2022-04-18 17:29:04,271 ms,264 ms,278 ms
2022-04-18 17:29:06,251 ms,251 ms,251 ms
2022-04-18 17:29:08,301 ms,351 ms,252 ms
2022-04-18 17:29:10,314 ms,384 ms,244 ms
2022-04-18 17:29:12,283 ms,351 ms,215 ms
2022-04-18 17:29:14,310 ms,351 ms,270 ms
2022-04-18 17:29:16,293 ms,316 ms,270 ms
2022-04-18 17:29:18,252 ms,229 ms,275 ms
2022-04-18 17:29:20,226 ms,206 ms,247 ms
2022-04-18 17:29:22,263 ms,226 ms,299 ms
2022-04-18 17:29:24,275 ms,250 ms,299 ms
2022-04-18 17:29:26,273 ms,250 ms,295 ms
2022-04-18 17:29:28,289 ms,266 ms,312 ms
2022-04-18 17:29:30,305 ms,272 ms,339 ms
2022-04-18 17:29:32,293 ms,308 ms,279 ms
2022-04-18 17:29:34,283 ms,292 ms,273 ms
2022-04-18 17:29:36,271 ms,286 ms,257 ms
2022-04-18 17:29:38,271 ms,287 ms,255 ms
2022-04-18 17:29:40,266 ms,264 ms,268 ms
2022-04-18 17:29:42,262 ms,270 ms,254 ms
2022-04-18 17:29:44,,,423 ms
2022-04-18 17:29:46,,,586 ms
2022-04-18 17:29:48,360 ms,252 ms,468 ms
2022-04-18 17:29:50,384 ms,252 ms,515 ms
2022-04-18 17:29:52,387 ms,259 ms,515 ms
2022-04-18 17:29:54,300 ms,319 ms,281 ms
2022-04-18 17:29:56,326 ms,301 ms,350 ms
2022-04-18 17:29:58,342 ms,313 ms,372 ms
2022-04-18 17:30:00,322 ms,313 ms,331 ms
2022-04-18 17:30:02,287 ms,228 ms,346 ms
2022-04-18 17:30:04,,,408 ms
2022-04-18 17:30:06,,,378 ms
2022-04-18 17:30:08,335 ms,249 ms,420 ms
2022-04-18 17:30:10,329 ms,266 ms,392 ms
2022-04-18 17:30:12,332 ms,266 ms,397 ms
2022-04-18 17:30:14,261 ms,264 ms,258 ms
2022-04-18 17:30:16,268 ms,265 ms,271 ms
2022-04-18 17:30:18,269 ms,275 ms,263 ms
2022-04-18 17:30:20,265 ms,269 ms,261 ms
2022-04-18 17:30:22,390 ms,513 ms,268 ms
2022-04-18 17:30:24,491 ms,717 ms,264 ms
2022-04-18 17:30:26,449 ms,628 ms,271 ms
2022-04-18 17:30:28,495 ms,713 ms,276 ms
2022-04-18 17:30:30,447 ms,621 ms,272 ms
2022-04-18 17:30:32,261 ms,258 ms,263 ms
2022-04-18 17:30:34,262 ms,263 ms,262 ms
2022-04-18 17:30:36,263 ms,263 ms,262 ms
2022-04-18 17:30:38,264 ms,263 ms,265 ms
2022-04-18 17:30:40,278 ms,265 ms,290 ms
2022-04-18 17:30:42,267 ms,258 ms,275 ms
2022-04-18 17:30:44,265 ms,258 ms,273 ms
2022-04-18 17:30:46,259 ms,244 ms,274 ms
2022-04-18 17:30:48,263 ms,267 ms,259 ms
2022-04-18 17:30:50,278 ms,313 ms,244 ms
2022-04-18 17:30:52,295 ms,341 ms,249 ms
2022-04-18 17:30:54,298 ms,347 ms,249 ms
2022-04-18 17:30:56,311 ms,352 ms,270 ms
2022-04-18 17:30:58,352 ms,346 ms,357 ms
2022-04-18 17:31:00,301 ms,261 ms,340 ms
2022-04-18 17:31:02,290 ms,254 ms,326 ms
2022-04-18 17:31:04,365 ms,248 ms,482 ms
2022-04-18 17:31:06,356 ms,288 ms,425 ms
2022-04-18 17:31:08,383 ms,288 ms,478 ms
2022-04-18 17:31:10,395 ms,304 ms,486 ms
2022-04-18 17:31:12,389 ms,304 ms,475 ms
2022-04-18 17:31:14,292 ms,324 ms,261 ms
2022-04-18 17:31:16,272 ms,256 ms,289 ms
2022-04-18 17:31:18,271 ms,258 ms,284 ms
2022-04-18 17:31:20,286 ms,265 ms,307 ms
2022-04-18 17:31:22,288 ms,269 ms,307 ms
2022-04-18 17:31:24,268 ms,269 ms,268 ms
2022-04-18 17:31:26,269 ms,265 ms,272 ms
2022-04-18 17:31:28,270 ms,265 ms,276 ms
2022-04-18 17:31:30,266 ms,219 ms,314 ms
2022-04-18 17:31:32,286 ms,240 ms,332 ms
2022-04-18 17:31:34,280 ms,223 ms,337 ms
2022-04-18 17:31:36,304 ms,223 ms,386 ms
2022-04-18 17:31:38,305 ms,209 ms,401 ms
2022-04-18 17:31:40,320 ms,258 ms,383 ms
2022-04-18 17:31:42,329 ms,275 ms,383 ms
2022-04-18 17:31:44,270 ms,307 ms,233 ms
2022-04-18 17:31:46,282 ms,296 ms,269 ms
2022-04-18 17:31:48,267 ms,285 ms,250 ms
2022-04-18 17:31:50,255 ms,261 ms,250 ms
2022-04-18 17:31:52,266 ms,260 ms,271 ms
2022-04-18 17:31:54,258 ms,247 ms,269 ms
2022-04-18 17:31:56,263 ms,257 ms,268 ms
2022-04-18 17:31:58,288 ms,292 ms,285 ms
2022-04-18 17:32:00,323 ms,402 ms,245 ms
2022-04-18 17:32:02,354 ms,474 ms,235 ms
2022-04-18 17:32:04,283 ms,332 ms,235 ms
2022-04-18 17:32:06,270 ms,311 ms,228 ms
2022-04-18 17:32:08,270 ms,300 ms,239 ms
2022-04-18 17:32:10,256 ms,286 ms,225 ms
2022-04-18 17:32:12,369 ms,348 ms,391 ms
2022-04-18 17:32:14,388 ms,384 ms,391 ms
2022-04-18 17:32:16,433 ms,392 ms,474 ms
2022-04-18 17:32:18,443 ms,396 ms,490 ms
2022-04-18 17:32:20,378 ms,266 ms,490 ms
2022-04-18 17:32:22,267 ms,262 ms,272 ms
2022-04-18 17:32:24,266 ms,260 ms,272 ms
2022-04-18 17:32:26,268 ms,261 ms,276 ms
2022-04-18 17:32:28,390 ms,501 ms,278 ms
2022-04-18 17:32:30,407 ms,554 ms,260 ms
2022-04-18 17:32:32,431 ms,586 ms,276 ms
2022-04-18 17:32:34,481 ms,589 ms,373 ms
2022-04-18 17:32:36,521 ms,589 ms,454 ms
2022-04-18 17:32:38,376 ms,337 ms,415 ms
2022-04-18 17:32:40,386 ms,340 ms,432 ms
2022-04-18 17:32:42,351 ms,303 ms,398 ms
2022-04-18 17:32:44,315 ms,311 ms,319 ms
2022-04-18 17:32:46,349 ms,333 ms,365 ms
2022-04-18 17:32:48,324 ms,367 ms,281 ms
2022-04-18 17:32:50,347 ms,401 ms,294 ms
2022-04-18 17:32:52,374 ms,440 ms,308 ms
2022-04-18 17:32:54,364 ms,420 ms,308 ms
2022-04-18 17:32:56,338 ms,378 ms,298 ms
2022-04-18 17:32:58,333 ms,378 ms,289 ms
2022-04-18 17:33:00,274 ms,285 ms,262 ms
2022-04-18 17:33:02,240 ms,225 ms,254 ms
2022-04-18 17:33:04,308 ms,362 ms,254 ms
2022-04-18 17:33:06,320 ms,391 ms,248 ms
2022-04-18 17:33:08,338 ms,414 ms,262 ms
2022-04-18 17:33:10,355 ms,414 ms,296 ms
2022-04-18 17:33:12,353 ms,428 ms,278 ms
2022-04-18 17:33:14,272 ms,266 ms,278 ms
2022-04-18 17:33:16,,,274 ms
2022-04-18 17:33:18,283 ms,300 ms,266 ms
2022-04-18 17:33:20,281 ms,300 ms,262 ms
2022-04-18 17:33:22,285 ms,300 ms,270 ms
2022-04-18 17:33:24,285 ms,300 ms,270 ms
2022-04-18 17:33:26,,,382 ms
2022-04-18 17:33:28,,,351 ms
2022-04-18 17:33:30,,,316 ms
2022-04-18 17:33:32,276 ms,250 ms,302 ms
2022-04-18 17:33:34,280 ms,262 ms,298 ms
2022-04-18 17:33:36,265 ms,262 ms,268 ms
2022-04-18 17:33:38,259 ms,262 ms,256 ms
2022-04-18 17:33:40,257 ms,274 ms,241 ms
2022-04-18 17:33:42,258 ms,275 ms,241 ms
2022-04-18 17:33:44,261 ms,282 ms,239 ms
2022-04-18 17:33:46,291 ms,340 ms,242 ms
2022-04-18 17:33:48,313 ms,383 ms,244 ms
2022-04-18 17:33:50,321 ms,382 ms,260 ms
2022-04-18 17:33:52,333 ms,422 ms,244 ms
2022-04-18 17:33:54,330 ms,422 ms,239 ms
2022-04-18 17:33:56,256 ms,273 ms,239 ms
2022-04-18 17:33:58,249 ms,283 ms,214 ms
2022-04-18 17:34:00,331 ms,305 ms,357 ms
2022-04-18 17:34:02,366 ms,294 ms,439 ms
2022-04-18 17:34:04,350 ms,294 ms,406 ms
2022-04-18 17:34:06,429 ms,472 ms,385 ms
2022-04-18 17:34:08,442 ms,465 ms,418 ms
2022-04-18 17:34:10,397 ms,454 ms,341 ms
2022-04-18 17:34:12,357 ms,447 ms,267 ms
2022-04-18 17:34:14,253 ms,255 ms,251 ms
2022-04-18 17:34:16,249 ms,248 ms,251 ms
2022-04-18 17:34:18,264 ms,277 ms,252 ms
2022-04-18 17:34:20,251 ms,283 ms,219 ms
2022-04-18 17:34:22,402 ms,292 ms,512 ms
2022-04-18 17:34:24,400 ms,287 ms,512 ms
2022-04-18 17:34:26,371 ms,229 ms,512 ms
2022-04-18 17:34:28,494 ms,229 ms,758 ms
2022-04-18 17:34:30,,404 ms,
2022-04-18 17:34:32,,465 ms,
2022-04-18 17:34:34,,578 ms,
2022-04-18 17:34:36,376 ms,474 ms,277 ms
2022-04-18 17:34:38,273 ms,269 ms,277 ms
2022-04-18 17:34:40,248 ms,220 ms,276 ms
2022-04-18 17:34:42,241 ms,220 ms,262 ms
2022-04-18 17:34:44,216 ms,172 ms,259 ms
2022-04-18 17:34:46,248 ms,235 ms,261 ms
2022-04-18 17:34:48,239 ms,235 ms,243 ms
2022-04-18 17:34:50,367 ms,282 ms,451 ms
2022-04-18 17:34:52,344 ms,265 ms,424 ms
2022-04-18 17:34:54,330 ms,257 ms,403 ms
2022-04-18 17:34:56,333 ms,254 ms,413 ms
2022-04-18 17:34:58,278 ms,249 ms,308 ms
2022-04-18 17:35:00,306 ms,349 ms,263 ms
2022-04-18 17:35:02,331 ms,349 ms,314 ms
2022-04-18 17:35:04,341 ms,329 ms,352 ms
2022-04-18 17:35:06,340 ms,329 ms,351 ms
2022-04-18 17:35:08,328 ms,254 ms,402 ms
2022-04-18 17:35:10,300 ms,247 ms,354 ms
2022-04-18 17:35:12,287 ms,209 ms,365 ms
2022-04-18 17:35:14,266 ms,253 ms,279 ms
2022-04-18 17:35:16,295 ms,256 ms,334 ms
2022-04-18 17:35:18,299 ms,264 ms,334 ms
2022-04-18 17:35:20,311 ms,272 ms,349 ms
2022-04-18 17:35:22,364 ms,276 ms,453 ms
2022-04-18 17:35:24,314 ms,269 ms,359 ms
2022-04-18 17:35:26,360 ms,318 ms,401 ms
2022-04-18 17:35:28,339 ms,333 ms,346 ms
2022-04-18 17:35:30,349 ms,369 ms,330 ms
2022-04-18 17:35:32,336 ms,416 ms,256 ms
2022-04-18 17:35:34,335 ms,413 ms,257 ms
2022-04-18 17:35:36,317 ms,377 ms,257 ms
2022-04-18 17:35:38,260 ms,260 ms,259 ms
2022-04-18 17:35:40,345 ms,431 ms,259 ms
2022-04-18 17:35:42,556 ms,849 ms,263 ms
2022-04-18 17:35:44,512 ms,761 ms,263 ms
2022-04-18 17:35:46,478 ms,688 ms,269 ms
2022-04-18 17:35:48,487 ms,687 ms,288 ms
2022-04-18 17:35:50,319 ms,350 ms,288 ms
2022-04-18 17:35:52,269 ms,234 ms,305 ms
2022-04-18 17:35:54,281 ms,248 ms,313 ms
2022-04-18 17:35:56,,250 ms,
2022-04-18 17:35:58,249 ms,293 ms,205 ms
2022-04-18 17:36:00,450 ms,316 ms,584 ms
2022-04-18 17:36:02,438 ms,320 ms,557 ms
2022-04-18 17:36:04,442 ms,328 ms,557 ms
2022-04-18 17:36:06,432 ms,307 ms,557 ms
2022-04-18 17:36:08,418 ms,262 ms,575 ms
2022-04-18 17:36:10,287 ms,265 ms,308 ms
2022-04-18 17:36:12,282 ms,255 ms,308 ms
2022-04-18 17:36:14,278 ms,252 ms,303 ms
2022-04-18 17:36:16,283 ms,262 ms,303 ms
2022-04-18 17:36:18,280 ms,246 ms,314 ms
2022-04-18 17:36:20,260 ms,252 ms,268 ms
2022-04-18 17:36:22,269 ms,271 ms,268 ms
2022-04-18 17:36:24,284 ms,311 ms,258 ms
2022-04-18 17:36:26,298 ms,338 ms,258 ms
2022-04-18 17:36:28,,312 ms,
2022-04-18 17:36:30,303 ms,304 ms,303 ms
2022-04-18 17:36:32,329 ms,355 ms,303 ms
2022-04-18 17:36:34,330 ms,357 ms,303 ms
2022-04-18 17:36:36,352 ms,402 ms,303 ms
2022-04-18 17:36:38,370 ms,462 ms,279 ms
2022-04-18 17:36:40,338 ms,423 ms,253 ms
2022-04-18 17:36:42,372 ms,491 ms,253 ms
2022-04-18 17:36:44,406 ms,491 ms,322 ms
2022-04-18 17:36:46,344 ms,352 ms,335 ms
2022-04-18 17:36:48,358 ms,352 ms,365 ms
2022-04-18 17:36:50,327 ms,303 ms,351 ms
2022-04-18 17:36:52,317 ms,322 ms,311 ms
2022-04-18 17:36:54,329 ms,382 ms,276 ms
2022-04-18 17:36:56,335 ms,394 ms,276 ms
2022-04-18 17:36:58,346 ms,420 ms,272 ms
2022-04-18 17:37:00,323 ms,404 ms,242 ms
2022-04-18 17:37:02,318 ms,404 ms,231 ms
2022-04-18 17:37:04,313 ms,401 ms,225 ms
2022-04-18 17:37:06,319 ms,413 ms,225 ms
2022-04-18 17:37:08,257 ms,287 ms,228 ms
2022-04-18 17:37:10,262 ms,291 ms,233 ms
2022-04-18 17:37:12,280 ms,278 ms,281 ms
2022-04-18 17:37:14,270 ms,273 ms,268 ms
2022-04-18 17:37:16,274 ms,280 ms,268 ms
2022-04-18 17:37:18,393 ms,482 ms,303 ms
2022-04-18 17:37:20,364 ms,418 ms,310 ms
2022-04-18 17:37:22,415 ms,534 ms,295 ms
2022-04-18 17:37:24,403 ms,509 ms,297 ms
2022-04-18 17:37:26,424 ms,440 ms,408 ms
2022-04-18 17:37:28,396 ms,384 ms,408 ms
2022-04-18 17:37:30,416 ms,401 ms,431 ms
2022-04-18 17:37:32,344 ms,257 ms,431 ms
2022-04-18 17:37:34,343 ms,251 ms,435 ms
2022-04-18 17:37:36,271 ms,250 ms,293 ms
2022-04-18 17:37:38,260 ms,256 ms,265 ms
2022-04-18 17:37:40,356 ms,296 ms,416 ms
2022-04-18 17:37:42,356 ms,291 ms,421 ms
2022-04-18 17:37:44,352 ms,321 ms,383 ms
2022-04-18 17:37:46,359 ms,314 ms,404 ms
2022-04-18 17:37:48,297 ms,305 ms,289 ms
2022-04-18 17:37:50,259 ms,283 ms,235 ms
2022-04-18 17:37:52,311 ms,371 ms,252 ms
2022-04-18 17:37:54,345 ms,412 ms,279 ms
2022-04-18 17:37:56,367 ms,489 ms,245 ms
2022-04-18 17:37:58,368 ms,491 ms,245 ms
2022-04-18 17:38:00,401 ms,570 ms,232 ms
2022-04-18 17:38:02,388 ms,543 ms,232 ms
2022-04-18 17:38:04,372 ms,506 ms,239 ms
2022-04-18 17:38:06,335 ms,431 ms,239 ms
2022-04-18 17:38:08,,314 ms,
2022-04-18 17:38:10,281 ms,267 ms,295 ms
2022-04-18 17:38:12,277 ms,283 ms,271 ms
2022-04-18 17:38:14,286 ms,303 ms,270 ms
2022-04-18 17:38:16,329 ms,303 ms,356 ms
2022-04-18 17:38:18,335 ms,321 ms,348 ms
2022-04-18 17:38:20,340 ms,347 ms,333 ms
2022-04-18 17:38:22,346 ms,337 ms,354 ms
2022-04-18 17:38:24,304 ms,304 ms,304 ms
2022-04-18 17:38:26,300 ms,294 ms,307 ms
2022-04-18 17:38:28,326 ms,333 ms,319 ms
2022-04-18 17:38:30,295 ms,333 ms,258 ms
2022-04-18 17:38:32,300 ms,333 ms,268 ms
2022-04-18 17:38:34,327 ms,386 ms,268 ms
2022-04-18 17:38:36,,,274 ms
2022-04-18 17:38:38,261 ms,254 ms,268 ms
2022-04-18 17:38:40,248 ms,238 ms,258 ms
2022-04-18 17:38:42,330 ms,402 ms,258 ms
2022-04-18 17:38:44,299 ms,339 ms,258 ms
2022-04-18 17:38:46,,346 ms,
2022-04-18 17:38:48,,369 ms,
2022-04-18 17:38:50,,298 ms,
2022-04-18 17:38:52,273 ms,323 ms,223 ms
2022-04-18 17:38:54,324 ms,399 ms,250 ms
2022-04-18 17:38:56,313 ms,376 ms,250 ms
2022-04-18 17:38:58,299 ms,348 ms,250 ms
2022-04-18 17:39:00,333 ms,335 ms,331 ms
2022-04-18 17:39:02,291 ms,264 ms,319 ms
2022-04-18 17:39:04,293 ms,257 ms,329 ms
2022-04-18 17:39:06,288 ms,246 ms,329 ms
2022-04-18 17:39:08,278 ms,241 ms,315 ms
2022-04-18 17:39:10,319 ms,241 ms,397 ms
2022-04-18 17:39:12,314 ms,233 ms,395 ms
2022-04-18 17:39:14,303 ms,211 ms,395 ms
2022-04-18 17:39:16,457 ms,475 ms,438 ms
2022-04-18 17:39:18,471 ms,537 ms,405 ms
2022-04-18 17:39:20,374 ms,486 ms,261 ms
2022-04-18 17:39:22,371 ms,486 ms,255 ms
2022-04-18 17:39:24,305 ms,354 ms,255 ms
2022-04-18 17:39:26,301 ms,332 ms,271 ms
2022-04-18 17:39:28,393 ms,249 ms,537 ms
2022-04-18 17:39:30,520 ms,266 ms,773 ms
2022-04-18 17:39:32,486 ms,268 ms,704 ms
2022-04-18 17:39:34,405 ms,262 ms,548 ms
2022-04-18 17:39:36,394 ms,265 ms,523 ms
2022-04-18 17:39:38,305 ms,270 ms,340 ms
2022-04-18 17:39:40,298 ms,277 ms,319 ms
2022-04-18 17:39:42,292 ms,275 ms,309 ms
2022-04-18 17:39:44,248 ms,275 ms,220 ms
2022-04-18 17:39:46,258 ms,274 ms,242 ms
2022-04-18 17:39:48,277 ms,265 ms,288 ms
2022-04-18 17:39:50,270 ms,251 ms,288 ms
2022-04-18 17:39:52,264 ms,246 ms,282 ms
2022-04-18 17:39:54,264 ms,246 ms,282 ms
2022-04-18 17:39:56,254 ms,261 ms,247 ms
2022-04-18 17:39:58,261 ms,281 ms,240 ms
2022-04-18 17:40:00,291 ms,270 ms,312 ms
2022-04-18 17:40:02,287 ms,269 ms,306 ms
2022-04-18 17:40:04,281 ms,268 ms,294 ms
2022-04-18 17:40:06,284 ms,254 ms,313 ms
2022-04-18 17:40:08,284 ms,260 ms,307 ms
2022-04-18 17:40:10,247 ms,256 ms,239 ms
2022-04-18 17:40:12,472 ms,674 ms,271 ms
2022-04-18 17:40:14,476 ms,674 ms,277 ms
2022-04-18 17:40:16,478 ms,676 ms,280 ms
2022-04-18 17:40:18,484 ms,676 ms,291 ms
2022-04-18 17:40:20,331 ms,405 ms,258 ms
2022-04-18 17:40:22,332 ms,410 ms,254 ms
2022-04-18 17:40:24,353 ms,440 ms,266 ms
2022-04-18 17:40:26,341 ms,415 ms,266 ms
2022-04-18 17:40:28,335 ms,415 ms,254 ms
2022-04-18 17:40:30,418 ms,484 ms,352 ms
2022-04-18 17:40:32,502 ms,484 ms,520 ms
2022-04-18 17:40:34,463 ms,318 ms,608 ms
2022-04-18 17:40:36,431 ms,289 ms,573 ms
2022-04-18 17:40:38,457 ms,289 ms,624 ms
2022-04-18 17:40:40,499 ms,351 ms,647 ms
2022-04-18 17:40:42,324 ms,362 ms,287 ms
2022-04-18 17:40:44,321 ms,362 ms,281 ms
2022-04-18 17:40:46,395 ms,501 ms,289 ms
2022-04-18 17:40:48,440 ms,591 ms,289 ms
2022-04-18 17:40:50,334 ms,408 ms,259 ms
2022-04-18 17:40:52,322 ms,408 ms,237 ms
2022-04-18 17:40:54,272 ms,334 ms,210 ms
2022-04-18 17:40:56,246 ms,282 ms,210 ms
2022-04-18 17:40:58,269 ms,303 ms,236 ms
2022-04-18 17:41:00,325 ms,362 ms,287 ms
2022-04-18 17:41:02,344 ms,400 ms,287 ms
2022-04-18 17:41:04,346 ms,405 ms,287 ms
2022-04-18 17:41:06,325 ms,405 ms,245 ms
2022-04-18 17:41:08,271 ms,296 ms,245 ms
2022-04-18 17:41:10,266 ms,293 ms,238 ms
2022-04-18 17:41:12,267 ms,293 ms,242 ms
2022-04-18 17:41:14,262 ms,282 ms,242 ms
2022-04-18 17:41:16,259 ms,272 ms,246 ms
2022-04-18 17:41:18,307 ms,269 ms,345 ms
2022-04-18 17:41:20,281 ms,249 ms,313 ms
2022-04-18 17:41:22,344 ms,272 ms,417 ms
2022-04-18 17:41:24,330 ms,282 ms,378 ms
2022-04-18 17:41:26,321 ms,281 ms,361 ms
2022-04-18 17:41:28,310 ms,284 ms,335 ms
2022-04-18 17:41:30,274 ms,267 ms,281 ms
2022-04-18 17:41:32,297 ms,261 ms,334 ms
2022-04-18 17:41:34,296 ms,254 ms,338 ms
2022-04-18 17:41:36,295 ms,243 ms,347 ms
2022-04-18 17:41:38,281 ms,224 ms,337 ms
2022-04-18 17:41:40,,,369 ms
2022-04-18 17:41:42,310 ms,221 ms,399 ms
2022-04-18 17:41:44,474 ms,221 ms,727 ms
2022-04-18 17:41:46,867 ms,957 ms,777 ms
2022-04-18 17:41:48,886 ms,928 ms,845 ms
2022-04-18 17:41:50,838 ms,942 ms,733 ms
2022-04-18 17:41:52,678 ms,942 ms,414 ms
2022-04-18 17:41:54,644 ms,973 ms,315 ms
2022-04-18 17:41:56,358 ms,308 ms,407 ms
2022-04-18 17:41:58,339 ms,247 ms,432 ms
2022-04-18 17:42:00,282 ms,185 ms,378 ms
2022-04-18 17:42:02,312 ms,215 ms,410 ms
2022-04-18 17:42:04,242 ms,230 ms,255 ms
2022-04-18 17:42:06,253 ms,237 ms,270 ms
2022-04-18 17:42:08,258 ms,254 ms,261 ms
2022-04-18 17:42:10,261 ms,272 ms,251 ms
2022-04-18 17:42:12,263 ms,276 ms,249 ms
2022-04-18 17:42:14,282 ms,337 ms,227 ms
2022-04-18 17:42:16,370 ms,353 ms,388 ms
2022-04-18 17:42:18,379 ms,374 ms,385 ms
2022-04-18 17:42:20,433 ms,418 ms,449 ms
2022-04-18 17:42:22,419 ms,418 ms,421 ms
2022-04-18 17:42:24,339 ms,258 ms,421 ms
2022-04-18 17:42:26,320 ms,266 ms,375 ms
2022-04-18 17:42:28,322 ms,273 ms,372 ms
2022-04-18 17:42:30,290 ms,276 ms,304 ms
2022-04-18 17:42:32,288 ms,276 ms,301 ms
2022-04-18 17:42:34,288 ms,276 ms,301 ms
2022-04-18 17:42:36,285 ms,268 ms,302 ms
2022-04-18 17:42:38,325 ms,391 ms,259 ms
2022-04-18 17:42:40,338 ms,416 ms,259 ms
2022-04-18 17:42:42,325 ms,389 ms,262 ms
2022-04-18 17:42:44,379 ms,374 ms,384 ms
2022-04-18 17:42:46,457 ms,357 ms,558 ms
2022-04-18 17:42:48,586 ms,298 ms,874 ms
2022-04-18 17:42:50,572 ms,271 ms,874 ms
2022-04-18 17:42:52,430 ms,280 ms,581 ms
2022-04-18 17:42:54,264 ms,262 ms,266 ms
2022-04-18 17:42:56,274 ms,277 ms,270 ms
2022-04-18 17:42:58,276 ms,277 ms,274 ms
2022-04-18 17:43:00,370 ms,471 ms,270 ms
2022-04-18 17:43:02,475 ms,694 ms,256 ms
2022-04-18 17:43:04,517 ms,781 ms,253 ms
2022-04-18 17:43:06,465 ms,691 ms,240 ms
2022-04-18 17:43:08,625 ms,647 ms,603 ms
2022-04-18 17:43:10,932 ms,603 ms,1.26 s
2022-04-18 17:43:12,771 ms,282 ms,1.26 s
2022-04-18 17:43:14,777 ms,297 ms,1.26 s
2022-04-18 17:43:16,782 ms,308 ms,1.26 s
2022-04-18 17:43:18,600 ms,320 ms,880 ms
2022-04-18 17:43:20,313 ms,329 ms,297 ms
2022-04-18 17:43:22,277 ms,268 ms,286 ms
2022-04-18 17:43:24,344 ms,393 ms,295 ms
2022-04-18 17:43:26,339 ms,393 ms,285 ms
2022-04-18 17:43:28,352 ms,451 ms,252 ms
2022-04-18 17:43:30,354 ms,451 ms,256 ms
2022-04-18 17:43:32,454 ms,643 ms,266 ms
2022-04-18 17:43:34,271 ms,272 ms,271 ms
2022-04-18 17:43:36,278 ms,282 ms,275 ms
2022-04-18 17:43:38,280 ms,285 ms,275 ms
2022-04-18 17:43:40,282 ms,285 ms,278 ms
2022-04-18 17:43:42,279 ms,284 ms,274 ms
2022-04-18 17:43:44,289 ms,318 ms,260 ms
2022-04-18 17:43:46,226 ms,187 ms,264 ms
2022-04-18 17:43:48,226 ms,187 ms,264 ms
2022-04-18 17:43:50,230 ms,206 ms,254 ms
2022-04-18 17:43:52,321 ms,359 ms,283 ms
2022-04-18 17:43:54,318 ms,359 ms,276 ms
2022-04-18 17:43:56,340 ms,416 ms,264 ms
2022-04-18 17:43:58,386 ms,511 ms,260 ms
2022-04-18 17:44:00,291 ms,316 ms,266 ms
2022-04-18 17:44:02,277 ms,316 ms,239 ms
2022-04-18 17:44:04,287 ms,316 ms,257 ms
2022-04-18 17:44:06,292 ms,316 ms,269 ms

